date,S,Hokkaido,Aomori,Iwate,Miyagi,Akita,Yamagata,Fukushima,Ibaraki,Tochigi,Gunma,Saitama,Chiba,Tokyo,Kanagawa,Niigata,Toyama,Ishikawa,Fukui,Yamanashi,Nagano,Gifu,Shizuoka,Aichi,Mie,Shiga,Kyoto,Osaka,Hyogo,Nara,Wakayama,Tottori,Shimane,Okayama,Hiroshima,Yamaguchi,Tokushima,Kagawa,Ehime,Kochi,Fukuoka,Saga,Nagasaki,Kumamoto,Oita,Miyazaki,Kagoshima,Okinawa
2023-04-27,3.693589790207013,0.04213009795786991,0.030333669969666334,0.026176833973823168,0.024379282975620725,0.047298055952701944,0.022469384977530617,0.029097853970902147,0.01999775298000225,0.017189079982810922,0.017638467982361537,0.019098977980901023,0.015728569984271433,0.01673969198326031,0.01123469298876531,0.03932142496067858,0.04819683195180318,0.035389281964610726,0.016177957983822044,0.03201887396798113,0.04044489395955511,0.04213009795786991,0.013481630986518372,0.018986630981013372,0.019323670980676333,0.0126952029873048,0.023143466976856538,0.021570609978429394,0.009886529990113472,0.0126952029873048,0.005954386994045614,0.02134591597865409,0.006628468993371531,0.011122345988877656,0.022357038977642962,0.010448263989551737,0.007864284992135716,0.018424895981575106,0.0126952029873048,0.010672957989327044,0.011459386988540614,0.009549488990450512,0.01449275398550725,0.006965508993034492,0.014942140985057861,0.013144589986855412,0.013706324986293678,0.06325131993674869
2023-05-04,3.6800663143746926,0.03662034000000001,0.027244650000000002,0.026913744000000003,0.018089565000000002,0.047981469000000006,0.025700419000000002,0.038826384000000005,0.018420472000000004,0.017317450000000005,0.014228987000000002,0.016986543000000003,0.015552614000000001,0.015552614000000001,0.010919921000000003,0.040480918000000005,0.03540701500000001,0.03518641100000001,0.006507831000000001,0.025810721000000002,0.046878447000000004,0.046657842000000005,0.013898081000000001,0.019082285000000004,0.018861681000000005,0.014008383000000001,0.019413192000000003,0.021619237000000003,0.007169645000000001,0.008382969000000002,0.009485992000000002,0.021729539000000003,0.017207148000000002,0.016986543000000003,0.021067726000000002,0.007279947000000001,0.007721156000000002,0.021619237000000003,0.010147805000000001,0.009044783000000002,0.022170748000000004,0.013567174000000003,0.014780499000000002,0.007721156000000002,0.018751379000000002,0.009265387000000002,0.009816898000000001,0.07191705300000001
2023-05-11,3.781490921459112,0.03495550396504449,0.02621662797378337,0.024933856975066143,0.02549506897450493,0.024532990975467007,0.025575242974424758,0.025254549974745452,0.02172692997827307,0.02116571797883428,0.019321734980678264,0.0242122989757877,0.02469333797530666,0.019241561980758437,0.018680349981319646,0.03447446496552554,0.033432213966567786,0.03928485496071514,0.014992383985007613,0.03383307896616692,0.02926320897073679,0.027739917972260077,0.016756192983243805,0.027419225972580775,0.01739757898260242,0.01459151798540848,0.016275153983724845,0.014832036985167961,0.013469092986530906,0.020444158979555836,0.010823377989176621,0.021566583978433414,0.012907880987092118,0.012025975987974025,0.018520002981479995,0.012186321987813676,0.013228573986771425,0.024532990975467007,0.011544936988455061,0.010181992989818006,0.019241561980758437,0.013549265986450733,0.015473422984526577,0.016515673983484327,0.019241561980758437,0.01659584698340415,0.012988053987011946,0.04866511695133488
2023-05-18,3.7577744732969522,0.03290189899999999,0.016632393999999998,0.03477682399999999,0.027216643999999998,0.025583645999999998,0.025039312999999994,0.025220756999999996,0.026974718999999998,0.018567799999999995,0.017358170999999995,0.026732792999999998,0.024132090999999998,0.021349945999999998,0.019958872999999995,0.036954154999999995,0.024978830999999996,0.03858715399999999,0.015059876999999998,0.03435345299999999,0.026611829999999993,0.02866819899999999,0.014394580999999997,0.027277125999999995,0.014696987999999996,0.012519655999999999,0.017902503999999996,0.014334098999999998,0.015846134999999997,0.020140316999999998,0.010765694999999999,0.019595983999999997,0.009374621999999999,0.012701100999999996,0.013668803999999998,0.013366396999999997,0.009797991999999998,0.019172613999999998,0.015785653999999996,0.010281842999999999,0.018688762999999997,0.012096285999999998,0.023950646999999995,0.013910728999999998,0.016813837999999998,0.013971210999999997,0.015967098,0.06531994699999999
2023-05-25,3.7720174000113333,0.03459956396540043,0.018570045981429955,0.03611178296388822,0.03084926196915074,0.025465762974534237,0.01984030998015969,0.02159448297840552,0.023167190976832813,0.01971933198028067,0.01348899098651101,0.025949672974050327,0.031514637968485366,0.02395354497604646,0.02074764097925236,0.025828695974171305,0.016876360983123638,0.033752721966247276,0.01844906798155093,0.034962496965037504,0.02534478597465522,0.022985724977014274,0.01693684998306315,0.028792644971207353,0.01645293998354706,0.010706508989293491,0.015727074984272924,0.016634405983365595,0.014275344985724655,0.019900797980099205,0.016150495983849506,0.017299781982700217,0.008891845991108155,0.016271473983728527,0.01439632198560368,0.014698765985301234,0.018328090981671912,0.0096781999903218,0.014577788985422212,0.010887974989112025,0.018630534981369466,0.018630534981369466,0.025768206974231794,0.01494072098505928,0.0139729009860271,0.02002177597997823,0.021050084978949918,0.06260585493739415
2023-06-01,3.764011840397986,0.032598133934803736,0.016663427966673146,0.03128643593742713,0.025796734948406532,0.017732218964535564,0.02404780395190439,0.015594636968810726,0.024339292951321416,0.017246404965507188,0.014914496970171007,0.02803148094393704,0.03235522693528955,0.025699571948600855,0.021278662957442674,0.023319082953361835,0.016274776967450447,0.033909832932180334,0.01506024096987952,0.029634667940730667,0.024193547951612906,0.02574815394850369,0.017489311965021376,0.02599106094801788,0.021910221956179556,0.01199961097600078,0.017052078965895844,0.016177613967644774,0.014040030971919937,0.021910221956179556,0.013505634972988732,0.020598522958802955,0.01112514597774971,0.012971239974057521,0.014914496970171007,0.015934706968130586,0.015643217968713565,0.01365137997269724,0.014331519971336961,0.011902448976195103,0.020647104958705788,0.02302759395394481,0.02035561595928877,0.017197823965604354,0.014428681971142637,0.014671589970656821,0.02603964194792072,0.0767586468464827
2023-06-08,3.773391880118431,0.028127988943744024,0.015085644969828711,0.021172071957655858,0.022171984955656032,0.011390313977219372,0.018520128962959743,0.01721589396556821,0.021606816956786366,0.015216067969567863,0.015998608968002783,0.028301886943396228,0.028084513943830974,0.026041213947917575,0.021867663956264674,0.023867489952265022,0.01830275596339449,0.02860620794278759,0.01717241996565516,0.024693504950612993,0.02017215895965568,0.023867489952265022,0.01638987896722024,0.027301973945396053,0.02456308095087384,0.013564037972871925,0.017954959964090078,0.0188244499623511,0.014259629971480742,0.02017215895965568,0.01621598096756804,0.018607077962785844,0.011998956976002086,0.013085818973828364,0.01704199596591601,0.019128770961742456,0.01925919496148161,0.016085557967828883,0.016172506967654987,0.015129118969741763,0.025041300949917397,0.023867489952265022,0.019389617961220768,0.023606642952786715,0.014781322970437355,0.01799843496400313,0.032040691935918617,0.08003651883992696
2023-06-15,3.7176890793580633,0.022246464066739392,0.012389449037168347,0.018506253055518757,0.019051701057155104,0.01094791003284373,0.01612966104838898,0.014649160043947479,0.02294775406884326,0.013324502039973506,0.014688121044064362,0.027350294082050884,0.029493123088479366,0.022791912068375737,0.023025675069077024,0.018778977056336927,0.01909066105727198,0.024506175073518526,0.014999805044999415,0.02509058307527175,0.016090700048272098,0.022752951068258854,0.021662056064986168,0.028129505084388513,0.024311373072934118,0.014727081044181242,0.018194569054583706,0.01772704305318113,0.014649160043947479,0.02103868806311606,0.017337437052012312,0.0179997660539993,0.011493357034480069,0.013441384040324153,0.016986792050960375,0.015311489045934466,0.014649160043947479,0.013519305040557915,0.01515564704546694,0.014532279043596837,0.023064636069193907,0.024467215073401643,0.02002571406007714,0.02485682007457046,0.015584213046752638,0.02290879306872638,0.037402112112206336,0.11197257233591772
2023-06-22,3.669380202098579,0.01812510801812511,0.014624848014624848,0.01937272601937273,0.016184370016184373,0.010743372010743373,0.01289204601289205,0.017674580017674583,0.022457113022457117,0.013723791013723794,0.013342575013342578,0.02488303602488304,0.026927742026927746,0.02155605602155606,0.021036216021036218,0.014347600014347602,0.01393172801393173,0.020273783020273786,0.01289204601289205,0.022907642022907643,0.01646161801646162,0.02581874902581875,0.020135159020135164,0.027828799027828807,0.021902617021902618,0.014902097014902098,0.017050771017050773,0.01788251601788252,0.016704211016704214,0.01933807001933807,0.01795182801795183,0.016496274016496275,0.011852365011852366,0.012753422012753424,0.016322994016322995,0.0157684980157685,0.01583781001583781,0.015491249015491251,0.014312944014312946,0.017639924017639926,0.01996187801996188,0.02425922702425923,0.018333045018333046,0.03032403403032404,0.014347600014347602,0.025021660025021666,0.040582221040582234,0.13682204113682206
2023-06-29,3.6685671331369343,0.017184873000000003,0.012767534000000002,0.017868848000000003,0.017241871000000002,0.009547152000000001,0.011342586000000002,0.017697854000000002,0.021431218000000002,0.015474935000000004,0.012682037000000002,0.020661746000000005,0.028185471000000007,0.019521787000000002,0.017954345000000003,0.014192482000000001,0.010573114000000002,0.019778278000000003,0.012055060000000001,0.022941663000000004,0.016842885000000002,0.024110120000000002,0.018752316000000005,0.026105047000000006,0.020661746000000005,0.015645929000000003,0.017156374000000002,0.016899883,0.016472399000000002,0.022485679000000005,0.020889738000000005,0.018182336000000004,0.011627576000000004,0.014591467000000002,0.019607284000000003,0.016757388000000005,0.015560432000000004,0.019407792000000004,0.017412864,0.015474935000000004,0.020547750000000004,0.026903018000000004,0.019749779000000002,0.027302003000000005,0.017897347000000004,0.027529995000000005,0.03841659800000001,0.13790646600000003
2023-07-06,3.739870154983306,0.014821176985178824,0.00957980999042019,0.014821176985178824,0.017331747982668254,0.010724981989275018,0.01217847098782153,0.014578928985421073,0.017397814982602188,0.013279597986720404,0.011517793988482206,0.019534002980466002,0.024224805975775195,0.016693093983306907,0.01625264298374736,0.015151514984848489,0.010086327989913674,0.02032681497967319,0.011341613988658386,0.01918164198081836,0.01667107098332893,0.02411469297588531,0.01788231098211769,0.02523784397476216,0.02600863297399137,0.019930408980069595,0.01832276298167724,0.017331747982668254,0.01841085298158915,0.02318974597681026,0.022463001977537,0.02636099397363901,0.01495331198504669,0.016208597983791404,0.020833332979166667,0.01926973198073027,0.01744185998255814,0.021736257978263746,0.024224805975775195,0.020260746979739255,0.023894467976105532,0.03376057096623944,0.02532593397467407,0.026405038973594964,0.025898519974101485,0.03523608196476392,0.037834742962165255,0.09176796990823205
2023-07-13,3.767115922362084,0.015307971,0.007336957000000001,0.012644928,0.018333333,0.007880435,0.009728261,0.015163043000000001,0.018713768,0.012101449,0.013007246,0.017282609,0.023876812,0.014945652000000002,0.014746377,0.014275362,0.010942029,0.023695652,0.0125,0.019094203,0.014836957,0.025126812,0.01951087,0.026684783,0.028134058,0.021431159,0.019365942,0.018514493,0.019456522,0.019728261,0.026141304,0.02298913,0.015833333,0.01682971,0.020144928,0.020144928,0.019728261,0.026557971,0.028442029,0.024873188,0.023423913,0.041757246,0.030181159,0.028858696,0.029836956999999997,0.037663043,0.034565217,0.057663043
2023-07-20,3.7916436791010297,0.012719780025439557,0.008313488016626975,0.015386370030772737,0.021318465042636927,0.009055000018109998,0.010609323021218644,0.01705477203410954,0.02023471704046943,0.013960386027920768,0.012349024024698046,0.01708329203416658,0.02190311904380623,0.013332953026665904,0.0135468510270937,0.01850927603701855,0.011165457022330912,0.027207780054415553,0.015386370030772737,0.02010637804021275,0.013775008027550013,0.02954639405909278,0.02023471704046943,0.028063371056126735,0.02399931604799863,0.021789040043578074,0.020049339040098674,0.01933634703867269,0.01792462203584924,0.02097622904195245,0.024797867049595728,0.028476906056953806,0.015229512030459021,0.018024441036048878,0.019707103039414205,0.021375504042751004,0.023543001047086,0.020534174041068342,0.028519686057039362,0.02737889805475779,0.026651646053303286,0.03912900907825801,0.03271208006542415,0.03144295306288591,0.030116788060233567,0.03489383506978766,0.03054458306108916,0.03198482806396965
2023-07-27,3.79835579503791,0.011003664022007328,0.010255963020511927,0.016524188033048375,0.02294195304588391,0.008797946017595893,0.013446153026892307,0.016985270033970542,0.02081100604162201,0.015365252030730503,0.012386910024773821,0.016673728033347456,0.022879645045759293,0.013857389027714778,0.015003863030007726,0.023066570046133144,0.01449293402898587,0.03007003506014007,0.01256137402512275,0.017720509035441017,0.015203250030406502,0.022306408044612817,0.02108516304217033,0.025945218051890435,0.02297933904595868,0.018567904037135808,0.020611619041223238,0.018268823036537648,0.01750866103501732,0.02104777804209556,0.021720709043441422,0.03180220806360442,0.018592827037185653,0.019228373038456745,0.019838995039677995,0.023378112046756223,0.022804875045609747,0.02193255704386511,0.026306607052613215,0.025484136050968276,0.026967076053934155,0.039615682079231364,0.03774643007549286,0.030730504061461005,0.030319268060638536,0.03390823206781647,0.029334796058669593,0.021920096043840195
2023-08-03,3.8059587350730157,0.012808229987191772,0.017170086982829916,0.0199057029800943,0.02378851297621149,0.010186071989813928,0.0156573039843427,0.017901265982098735,0.021910140978089864,0.015972466984027534,0.012543492987456507,0.01853159198146841,0.022590892977409113,0.014535322985464678,0.014749633985250366,0.023586808976413194,0.015001764984998238,0.030381725969618276,0.013085572986914429,0.0156446979843553,0.01636326998363673,0.022565679977434326,0.02196056697803944,0.025049164974950838,0.022137057977862945,0.019199737980800265,0.020258685979741318,0.017258332982741667,0.017611315982388683,0.02182189497817811,0.02083858597916142,0.02769653597230347,0.01980485098019515,0.01798951098201049,0.01861983798138016,0.026700619973299384,0.021229387978770612,0.021052896978947105,0.024797034975202966,0.023385103976614897,0.0264737029735263,0.04373203595626797,0.03587817096412183,0.02825122297174878,0.031339820968660184,0.032575260967424746,0.026171145973828858,0.013287276986712724
2023-08-10,3.822170494356438,0.01595191604785575,0.02352907707058723,0.024070302072210906,0.02209055606627167,0.01673526905020581,0.016450414049351245,0.019954138059862413,0.02317300706951902,0.015837974047513925,0.01439945304319836,0.023301192069903578,0.025110025075330077,0.014769765044309296,0.016450414049351245,0.022361168067083506,0.016251015048753047,0.0299953000899859,0.014869465044608397,0.017304981051914945,0.018928658056785976,0.02793009608379029,0.02251783906755352,0.029482560088447685,0.023828175071484527,0.019939895059819687,0.020566578061699734,0.014570366043711099,0.016692541050077628,0.019939895059819687,0.023885146071655438,0.02956801608870405,0.021777214065331642,0.01956958305870875,0.01700588205101765,0.021435388064306164,0.02102234706306704,0.0254233670762701,0.021577815064733448,0.022232983066698953,0.0200965660602897,0.03502300210506901,0.028428594085285787,0.02340089207020268,0.029126490087379477,0.025166997075500994,0.018686531056059594,0.00957115002871345
2023-08-17,3.811669179127966,0.022035251977964746,0.029166619970833377,0.03421706796578293,0.02321631397678368,0.032034913967965074,0.01821085898178914,0.028424237971575755,0.03084260396915739,0.01911071598088928,0.015567528984432468,0.022237719977762277,0.02517350397482649,0.012328042987671955,0.016939810983060185,0.02369998797630001,0.015050110984949886,0.030021483969978512,0.014071515985928481,0.022035251977964746,0.02212523797787476,0.03490320896509678,0.023070087976929905,0.028896662971103333,0.02031427497968572,0.02024678597975321,0.016984803983015193,0.01336287898663712,0.014285231985714766,0.022845122977154873,0.020021821979978177,0.025443460974556537,0.021461592978538405,0.017850915982149083,0.0160736979839263,0.015477542984522455,0.02219272697780727,0.022305208977694786,0.018750772981249223,0.02390245497609754,0.016287413983712584,0.027400649972599344,0.0205054949794945,0.01867203598132796,0.02201275497798724,0.01936942498063057,0.012249304987750695,0.008604883991395114
2023-08-24,3.8157331100965672,0.020608758,0.033807868,0.034250718,0.03190685,0.028871703,0.022174937,0.027942797,0.028947312,0.02526409,0.02054395,0.02456201,0.027737573,0.015694195,0.019550237,0.023589899,0.017843641,0.027521548,0.014819295,0.025760947,0.022920222,0.024616016,0.027294723,0.025771748,0.021894105,0.017249573,0.015164935,0.013393531999999998,0.014138817,0.020813981,0.015845413,0.023017432999999997,0.016482686,0.015445767,0.015748202,0.019355814,0.024140762,0.017422393,0.018329697,0.021451254,0.016353071,0.022736601,0.021375645,0.01678512,0.018729343,0.018383703,0.014560066,0.009181050000000001
2023-08-31,3.817031226062673,0.02083569095832862,0.028274804943450388,0.0362592469274815,0.03348115493303769,0.03149533393700933,0.02545555594908889,0.028418853943162292,0.028542324942915347,0.025342373949315253,0.021782299956435398,0.02647418894705162,0.029509511940980976,0.017501980964996038,0.02091800495816399,0.023305106953389783,0.017769500964460998,0.02627869394744261,0.01303645497392709,0.024714730950570536,0.02479704495040591,0.022975850954048294,0.0274207989451584,0.0254143989491712,0.021370730957258537,0.01577338996845322,0.0170080979659838,0.014765044970469907,0.014600417970799164,0.019940527960118942,0.017450534965098928,0.019374620961250758,0.01599975296800049,0.015742521968514955,0.01504285496991429,0.01951866996096266,0.022440810955118382,0.015526447968947104,0.018078177963843645,0.018942472962115056,0.015752811968494377,0.020362386959275225,0.01848974696302051,0.018355986963288027,0.018551481962897035,0.019652429960695137,0.015114878969770242,0.012141291975717415
2023-09-07,3.827630375205749,0.018850041999999997,0.021956613,0.03145535,0.03419334499999999,0.02514743,0.020966723,0.025410699,0.026779697,0.026863943,0.020661331,0.028380371,0.028906908,0.017228307,0.022567397,0.024778854,0.023304549,0.027011373,0.017091407,0.021314238,0.02289385,0.025526537,0.025094777,0.025105307,0.019534541,0.016880791999999995,0.018418281,0.015395956,0.016080455,0.019913648,0.015754002,0.018155013,0.019924179,0.018376158,0.015817186,0.017954928,0.020829823,0.013784751,0.020324347,0.020061078000000003,0.017491575,0.021946083,0.019208088000000005,0.019587195000000005,0.022019798,0.022146167,0.015996209,0.012910699
2023-09-14,3.8344583276771673,0.018471788981528212,0.020038036979961968,0.02665108697334892,0.028304348971695655,0.02191504997808495,0.019366787980633213,0.022723034977276967,0.025768517974231485,0.025930114974069888,0.021094633978905368,0.0310514999689485,0.029820875970179128,0.019938592980061412,0.023941227976058774,0.02496053297503947,0.02610414297389586,0.022138798977861203,0.017626511982373493,0.024040672975959326,0.0236056039763944,0.023655325976344677,0.0236056039763944,0.028267057971732946,0.02150484197849516,0.01701741498298259,0.021430257978569744,0.016147276983852727,0.017440053982559947,0.02176588297823412,0.01628401298371599,0.019242482980757522,0.01700498498299502,0.020062898979937103,0.016980123983019877,0.0201872039798128,0.021194077978805924,0.016271582983728418,0.02039852297960148,0.01850908098149092,0.01715415098284585,0.019727273980272728,0.01816102498183898,0.019428940980571064,0.020982758979017243,0.02085845297914155,0.018720399981279605,0.014506444985493559
2023-09-21,3.8361067414626038,0.020030005959939985,0.019484441961031117,0.023420298953159398,0.022465560955068877,0.01757496596485007,0.014223641971552715,0.021822574956354847,0.028310893943378213,0.022660405954679188,0.018315374963369248,0.024589364950821268,0.028116048943767902,0.01732166896535666,0.019192174961615648,0.018412796963174407,0.022738342954523313,0.023011125953977748,0.01603569496792861,0.019815676960368643,0.020244334959511327,0.029694288940611418,0.023848956952302082,0.03236365793527268,0.02010794395978411,0.019153205961693585,0.020692476958615046,0.017107339965785315,0.0190362999619274,0.021608245956783508,0.018568672962862652,0.018140014963719968,0.018763516962472963,0.022562982954874033,0.01866609496266781,0.020478147959043704,0.017535997964928003,0.015256317969487362,0.020536601958926797,0.02271885895456228,0.020945774958108447,0.022485045955029908,0.02394637895210724,0.02482317895035364,0.024394520951210953,0.021744636956510726,0.02451142795097714,0.02252401495495197
2023-09-28,3.8357316480126964,0.025416707050833418,0.017106931034213863,0.02266302804532606,0.0204942000409884,0.015888488031776976,0.016034701032069405,0.02224875704449752,0.02614777305229555,0.021834487043668978,0.018569061037138127,0.02378399504756799,0.0258553470517107,0.01725314403450629,0.020226143040452286,0.021590798043181602,0.02395457604790916,0.023662150047324304,0.013256653026513307,0.02222438804444878,0.022516815045033632,0.025002437050004878,0.023515937047031876,0.030217370060434744,0.019129545038259095,0.018154791036309584,0.021103421042206846,0.017106931034213863,0.0202992490405985,0.022906716045813437,0.020640413041280826,0.015961595031923192,0.01281801302563603,0.019763135039526272,0.018983332037966663,0.02222438804444878,0.020153036040306074,0.017521201035042407,0.0202992490405985,0.02414952704829906,0.020421094040842195,0.021737011043474027,0.023052929046105862,0.027536797055073597,0.025416707050833418,0.022906716045813437,0.024929330049858662,0.023320986046641973
2023-10-05,3.8308327738583063,0.03317535503317535,0.01863328901863329,0.026410661026410657,0.017539596017539596,0.014501560014501558,0.016283874016283874,0.020780168020780167,0.02770689002770689,0.022967554022967553,0.02053712502053712,0.02142828202142828,0.025276461025276458,0.014663588014663588,0.017256046017256044,0.019281403019281402,0.022967554022967553,0.0300563050300563,0.014542067014542066,0.026572690026572685,0.02499291102499291,0.026410661026410657,0.02142828202142828,0.02880058302880058,0.02009154602009154,0.016891481016891478,0.021549804021549802,0.015595253015595252,0.021509296021509295,0.021792846021792846,0.019605460019605458,0.01956495301956495,0.017904160017904156,0.019807996019807993,0.019159882019159878,0.020780168020780167,0.018714303018714303,0.019402925019402925,0.019200389019200386,0.021063718021063715,0.018916839018916838,0.01859278201859278,0.019159882019159878,0.025762547025762545,0.019605460019605458,0.021509296021509295,0.021144732021144728,0.03046137603046137
2023-10-12,3.820959977208344,0.0362907651088723,0.016031624048094877,0.024596464073789397,0.01723948605171846,0.01806302805418909,0.016470847049412544,0.028055342084166032,0.024870978074612936,0.01905127905715384,0.0226748650680246,0.02113758606341276,0.02058855806176568,0.012792358038377076,0.016196332048589,0.018557154055671467,0.02404743607214231,0.030635775091907333,0.01630613804891842,0.02772592508317778,0.029537718088613163,0.0336554301009663,0.023278797069836397,0.02811024508433074,0.01691006905073021,0.020753267062259804,0.021631712064895142,0.015208082045624249,0.020643461061930386,0.025529812076589442,0.01949050205847151,0.022510157067530474,0.015043373045130122,0.017898320053694964,0.019984627059953887,0.01899637605698913,0.01586691604760075,0.026627869079883612,0.02152190606456572,0.020863072062589222,0.015537499046612502,0.020533655061600972,0.018117931054353796,0.018172834054518507,0.01910618205731855,0.0168551660505655,0.01586691604760075,0.030416163091248494
2023-10-19,3.8117072293569043,0.04375000004375,0.017525773017525774,0.02545103102545103,0.022938144022938145,0.02216494802216495,0.01572164901572165,0.031765464031765465,0.025386598025386602,0.024355670024355673,0.028157216028157215,0.021585052021585054,0.02003866002003866,0.013595361013595363,0.014110825014110826,0.023840206023840207,0.025773196025773198,0.028221649028221652,0.014884021014884024,0.029832474029832478,0.03331185603331186,0.026095361026095363,0.02216494802216495,0.026288660026288657,0.014884021014884024,0.018363402018363402,0.020747423020747426,0.016301546016301547,0.021327320021327322,0.01778350501778351,0.02731958802731959,0.018427835018427836,0.012048969012048969,0.01958762901958763,0.01746134001746134,0.020360825020360823,0.016043814016043816,0.024806701024806702,0.022809278022809278,0.016817010016817013,0.014755155014755156,0.01984536101984536,0.01572164901572165,0.017074742017074745,0.014755155014755156,0.015528351015528352,0.01643041201643041,0.023840206023840207
2023-10-26,3.7895936244283126,0.05037711684886865,0.016934680949195955,0.02746548991760353,0.021844314934467052,0.02227123993318628,0.017076988948769033,0.02960011391119966,0.02049238693852284,0.02191546893425359,0.028675109913974667,0.019851998940444,0.016721217949836345,0.013092357960722927,0.011882737964351787,0.019140457942578626,0.024619324926142026,0.031165503906503488,0.014942364955172906,0.03244627890266117,0.04546748286359756,0.026042407921872776,0.019425074941724775,0.026825102919524692,0.011953891964138324,0.014942364955172906,0.01600967695197097,0.012950049961149849,0.017076988948769033,0.0181443009455671,0.017290450948128647,0.024263554927209333,0.011028888966913333,0.01771737594684787,0.02020776993937669,0.025402020923793938,0.023623167929130495,0.019994307940017077,0.030596271908211185,0.018784687943645937,0.013163511960509465,0.023196242930411268,0.01415966995752099,0.023125088930624736,0.013590436959228689,0.021488543935534368,0.014942364955172906,0.01807314594578056
2023-11-02,3.7758989469139426,0.054839525,0.021902114,0.026451015,0.020975486,0.025777104,0.018616797,0.028051554,0.021733637,0.024092326000000004,0.025018954,0.019459186,0.017268975,0.01229888,0.011877684999999999,0.01760593,0.022660265,0.027209165,0.010614102,0.040266195,0.049195518,0.03605425,0.018027125,0.029567854,0.013730941,0.017690169,0.016342347,0.012972791,0.016510825,0.01457333,0.019290708,0.022660265,0.013730941,0.020217336,0.021228203,0.023418415,0.019796142,0.022070592,0.02072277,0.015668436,0.013309746,0.022912981,0.011456491,0.020554292,0.012046163000000002,0.014657569,0.016932019,0.017942886
2023-11-09,3.7800028520613087,0.06031648200000002,0.028565557000000005,0.026921496000000007,0.019420469000000003,0.02311960500000001,0.021783806000000003,0.022092067000000007,0.021783806000000003,0.02527743500000001,0.023941636000000006,0.016851624000000006,0.016440608000000006,0.012330456000000004,0.011919441000000001,0.023633374000000006,0.021372791000000002,0.02373612800000001,0.013666256000000005,0.03483353900000001,0.051376901000000016,0.030928894000000005,0.016440608000000006,0.028668311000000005,0.012124949000000003,0.022811344000000008,0.017776408000000007,0.013974517000000004,0.017776408000000007,0.018084669000000008,0.015310316000000004,0.019523222000000007,0.015413070000000003,0.016646116000000002,0.017159885000000007,0.019009453000000003,0.020859022000000005,0.021167283000000005,0.017365393000000003,0.017776408000000007,0.014796547000000005,0.020036991000000007,0.010583642000000004,0.019420469000000003,0.017365393000000003,0.022811344000000008,0.017981915000000008,0.018803946000000002
2023-11-16,3.7690834731066487,0.06401198899999999,0.026439734999999992,0.022479126999999998,0.017662170999999997,0.03339755899999999,0.027617212999999998,0.025048169999999998,0.020231213999999997,0.024941125999999997,0.023763647999999995,0.017876257999999996,0.018839648999999997,0.012524084999999999,0.013273388999999998,0.023121386999999997,0.029008777999999992,0.025904516999999995,0.017019909999999996,0.029543994999999993,0.05320059899999999,0.029651037999999998,0.017126953999999996,0.025369299999999997,0.012202954,0.016805822999999998,0.017233996999999997,0.015093127999999997,0.017233996999999997,0.020445300999999996,0.016163561999999996,0.017769213999999995,0.011025476,0.016591735999999996,0.018411474999999997,0.023121386999999997,0.018518518999999997,0.025048169999999998,0.021943909,0.012845214999999998,0.013915649999999996,0.017341039999999995,0.017555126999999997,0.017662170999999997,0.012417040999999998,0.013487475999999998,0.013701562999999998,0.015414257999999998
2023-11-23,3.7764160307090147,0.06037080993962918,0.01616585998383414,0.025390446974609546,0.015617864984382132,0.022467804977532195,0.02529911397470088,0.028769750971230246,0.024751118975248877,0.02100648497899351,0.02100648497899351,0.02109781697890218,0.018631838981368158,0.014247876985752122,0.012421225987578773,0.028221754971778243,0.02420312397579687,0.0272170969727829,0.014065210985934787,0.03607635396392364,0.05315553894684446,0.02758242797241757,0.01881450398118549,0.02529911397470088,0.012329892987670106,0.021645811978354187,0.018723170981276828,0.01470453898529546,0.018357840981642157,0.017627180982372814,0.017170517982829477,0.01890583598109416,0.013973878986026119,0.017718512982281488,0.02420312397579687,0.023746460976253537,0.015526531984473466,0.021554479978445517,0.021280481978719512,0.018723170981276828,0.016257191983742803,0.01616585998383414,0.012695222987304775,0.014156543985843454,0.015252533984747463,0.014795871985204127,0.02027582397972417,0.012329892987670106
2023-11-30,3.780399421575682,0.05172544574137277,0.019491846902540768,0.02563519187182404,0.013500189932499053,0.01706484591467577,0.022222221888888893,0.0306408798467956,0.02305650388471748,0.021539627892301867,0.023435721882821392,0.022146377889268116,0.017444064912779677,0.014334470928327646,0.012135001939324992,0.032840348835798255,0.022601440886992796,0.024042472879787637,0.013196814934015928,0.04846416375767918,0.04383769378081154,0.02555934787220326,0.021160409894197953,0.02616609786916951,0.018278346908608266,0.01782328391088358,0.01956769090216155,0.013803564930982178,0.016533939917330303,0.02715206686423967,0.021084565894577172,0.021160409894197953,0.01160409594197952,0.01645809591770952,0.020553658897231708,0.021539627892301867,0.013500189932499053,0.020781190896094048,0.023511565882442173,0.013803564930982178,0.015396283923018582,0.01478953392605233,0.01266590793667046,0.016913158915434205,0.021539627892301867,0.018278346908608266,0.020781190896094048,0.010238907948805461
2023-12-07,3.796282687430972,0.04591626995408373,0.020550759979449242,0.020785625979214375,0.017497504982502497,0.016616757983383242,0.02430861397569139,0.026128823973871177,0.02730315297269685,0.023016851976983152,0.02219482097780518,0.0224884029775116,0.017438787982561214,0.013563501986436499,0.011802007988197994,0.027538018972461983,0.023016851976983152,0.02154893997845106,0.012036873987963126,0.04556397195443603,0.03898772796101227,0.029358228970641775,0.02137279097862721,0.028183899971816105,0.022605835977394167,0.018084668981915335,0.017673653982326346,0.013328635986671363,0.017791086982208916,0.024015030975984973,0.01738007198261993,0.020257177979742826,0.016205741983794257,0.017673653982326346,0.01626445898373554,0.022253537977746464,0.015207562984792438,0.022136104977863898,0.02683342097316658,0.018789266981210733,0.016088309983911694,0.01191944098808056,0.01626445898373554,0.018436967981563034,0.023604015976395987,0.017203921982796078,0.02166637297833363,0.011097410988902589
2023-12-14,3.7900960769388012,0.046153082861540747,0.02022605593932183,0.016161014951516957,0.018094387945716835,0.01630973595107079,0.017400356947798932,0.022010707933967876,0.02681935391954194,0.023002180930993456,0.02166369193500892,0.020820939937537176,0.020820939937537176,0.012790005961629982,0.01239341696281975,0.02676977991969066,0.026868926919393216,0.02240729693277811,0.01829268294512195,0.047739440856781674,0.04208804287373587,0.02959547891121356,0.020077334939767995,0.03019036290942891,0.021316676936049966,0.020573071938280785,0.01789609394631172,0.012343842962968471,0.01730120994809637,0.019631171941106484,0.021961133934116597,0.019978187940065437,0.01293872696118382,0.019581597941255205,0.015615704953152884,0.025580011923259965,0.015417409953747768,0.027315089918054727,0.02820741591537775,0.014525083956424748,0.015665278953004163,0.014128494957614512,0.01521911595434265,0.019532024941403926,0.021019234936942296,0.018441403944675788,0.01685504694943486,0.010261748969214753
2023-12-21,3.7867620688838812,0.049246786803012844,0.017413737930345046,0.017690145929239415,0.01695305693218777,0.017275532930897865,0.016584511933661946,0.023863269904546916,0.02939144088243423,0.023540792905836827,0.019947481920210067,0.021237388915050438,0.021790205912839172,0.01441931194232275,0.013267609946929559,0.026673422893306306,0.02593633389625466,0.021790205912839172,0.013359745946561013,0.044824249820702995,0.03938821584244713,0.026535218893859118,0.019763209920947156,0.032524070869903714,0.022665499909337996,0.016492375934030495,0.016630579933477677,0.013451881946192469,0.017091260931634954,0.01934859692260561,0.016169898935320403,0.017459805930160773,0.01308333694766665,0.017598009929607958,0.014695719941217118,0.02556778889772884,0.026995899892016395,0.022343022910627904,0.026719490893122033,0.013497949946008198,0.017045192931819227,0.018565439925738236,0.012760860948956555,0.02630487889478048,0.02962178088151287,0.017644077929423685,0.015432809938268757,0.009397889962408439
2023-12-28,3.7997472174577727,0.043671538912656925,0.020448806959102384,0.02229808995540382,0.013691809972616379,0.016750239966499516,0.017283686965432622,0.025534335948931328,0.031153312937693366,0.01938191296123617,0.019630854960738287,0.021053379957893237,0.019488601961022794,0.01205590497588819,0.011060136977879725,0.021906895956186202,0.023258294953483406,0.019275222961449553,0.015398840969202316,0.03236245993527508,0.0378747469242505,0.03254027493491945,0.01938191296123617,0.03268252793463494,0.02059105895881788,0.018066075963867848,0.019595290960809416,0.012020341975959314,0.015576655968846685,0.0144741989710516,0.01618122996763754,0.024894199950211596,0.013762935972474128,0.0193463489613073,0.021124506957750984,0.026210035947579924,0.02308047895383904,0.024823072950353853,0.020164301959671393,0.019950922960098153,0.018919591962160812,0.020164301959671393,0.017176997965646,0.028770581942458833,0.03236245993527508,0.017888260964223475,0.015932287968135422,0.01074006897851986
2024-01-04,3.7928287919187436,0.03004007306008015,0.01723988803447978,0.022256177044512354,0.015654280031308563,0.020584080041168164,0.012944331025888664,0.03254821706509643,0.03537348307074697,0.018220082036440165,0.017816473035632947,0.018652521037305043,0.02159310404318621,0.009744285019488572,0.009628968019257937,0.016202035032404073,0.018911984037823973,0.024331882048663763,0.009398334018796669,0.0232652000465304,0.03635367707270736,0.04390693908781388,0.022429152044858305,0.03574826307149653,0.019632715039265433,0.020180471040360946,0.017095742034191487,0.013607403027214809,0.014039842028079688,0.015452475030904954,0.01735520503471041,0.025859832051719666,0.016547986033095975,0.0213912990427826,0.01741286403482573,0.016317352032634704,0.02695534405391069,0.023380517046761036,0.018277741036555484,0.021477787042955578,0.02144895804289792,0.024389541048779086,0.021737250043474505,0.03125090106250181,0.03176982706353966,0.021477787042955578,0.016317352032634704,0.01378037902756076
2024-01-11,3.8100294490799853,0.023956319000000004,0.012421795000000003,0.023524059000000007,0.017995677000000005,0.014219088000000003,0.015447617000000004,0.027528154000000006,0.03232851800000001,0.02363781100000001,0.019838471000000007,0.021067000000000006,0.025958367000000003,0.012876806000000001,0.013764077000000003,0.015129109000000005,0.017972927000000003,0.023842566000000006,0.009805483000000004,0.029234444000000005,0.03196450900000001,0.03251052200000001,0.025821863000000004,0.03223751600000001,0.022568536000000004,0.017290411000000002,0.018041178000000005,0.014059834000000004,0.014969856000000004,0.018700944000000004,0.01842793800000001,0.018746445000000004,0.013946081000000004,0.019724718000000002,0.018678194000000002,0.019588215000000003,0.026868388000000003,0.019360710000000003,0.023273803000000006,0.024980093000000005,0.018564441000000008,0.031441247000000005,0.024798089000000006,0.029257195000000007,0.02734614900000001,0.025344102000000007,0.016152884000000003,0.014787851000000005
2024-01-18,3.8173515461300673,0.017968164000000002,0.010617551000000001,0.018218185000000005,0.021351779000000005,0.012967747000000003,0.018068172000000004,0.031652638000000004,0.030552546000000007,0.027735645000000003,0.024802067000000004,0.024168681000000008,0.026718893000000007,0.013884490000000003,0.015951329000000004,0.016801400000000005,0.019751646000000005,0.023885324000000003,0.012817735000000004,0.024635386000000002,0.026368864000000002,0.026918910000000004,0.02551879300000001,0.028885740000000007,0.026268856000000007,0.015167931000000004,0.016168014000000005,0.013267772000000004,0.015334611000000001,0.017668139000000003,0.020551713000000003,0.020468372000000002,0.015217935000000004,0.018951579000000003,0.019034920000000004,0.022935245000000003,0.025368781000000003,0.022735228000000003,0.023285274000000005,0.023251938000000003,0.017334778000000002,0.028419035000000006,0.021618468000000002,0.026802234000000008,0.028602384000000005,0.026785565000000004,0.021518460000000003,0.013001083000000004
2024-01-25,3.8116539979608555,0.019280457999999997,0.011613210999999998,0.023619615,0.026371959999999996,0.013270234999999998,0.021134078999999997,0.03361792999999999,0.029700050999999995,0.02950345399999999,0.029011963999999998,0.026905577999999996,0.029320900999999996,0.015825984,0.019041734999999997,0.020839183999999997,0.023465145999999996,0.029363028999999995,0.015952367999999998,0.025248553999999993,0.02950345399999999,0.022889400999999997,0.026877492999999992,0.029826433999999995,0.023310677999999994,0.014491939999999997,0.015320451999999998,0.012469807999999999,0.014828960999999996,0.016163005999999997,0.018915350999999997,0.015587260999999998,0.011978317999999998,0.016794921999999997,0.019856203999999995,0.023015783999999997,0.022917485999999997,0.023338763,0.024490253999999996,0.019083861999999997,0.016092793,0.021822164999999998,0.016865134999999996,0.024097061999999995,0.026442172999999996,0.023577487,0.016064707999999997,0.010293208999999998
2024-02-01,3.8197136193660177,0.01973852903947706,0.013778518027557037,0.020699821041399644,0.024621892049243786,0.013893873027787745,0.020302487040604975,0.03138938706277877,0.028787490057574982,0.026262497052524994,0.027864650055729304,0.02344270704688542,0.027864650055729304,0.014586004029172008,0.018725968037451936,0.024250192048500388,0.020635734041271468,0.03142783906285568,0.01653422203306845,0.023224814046449632,0.028364522056729045,0.022660856045321715,0.027544219055088442,0.028902845057805694,0.024019482048038967,0.014521917029043836,0.015778006031556012,0.01199692402399385,0.013919508027839016,0.017828762035657527,0.020904896041809794,0.015290951030581904,0.014842348029684697,0.017239169034478335,0.02225070504450141,0.02026403504052807,0.019507819039015637,0.022609587045219173,0.02733914405467829,0.019725711039451425,0.017892848035785697,0.025237119050474238,0.01896949503793899,0.024647526049295054,0.024634709049269423,0.022942835045885672,0.020674186041348377,0.011458600022917199
2024-02-08,3.819396063123327,0.022051122999999995,0.015900408999999997,0.026653096999999997,0.028054338999999998,0.016372405999999996,0.023113116999999996,0.028290336999999995,0.029057332999999994,0.025974600999999996,0.029337580999999998,0.021933123999999995,0.024352109999999996,0.013820670999999996,0.016239656999999998,0.027257842999999997,0.021298877999999997,0.03231706399999999,0.020841629999999996,0.023599863999999995,0.025768101999999998,0.025074855999999993,0.026048349999999994,0.029588329999999996,0.023658863999999998,0.016401905999999997,0.015575909999999998,0.011534433999999998,0.013481421999999998,0.021018628999999997,0.018850391999999997,0.021151377999999995,0.014823664999999998,0.017552398999999996,0.023260615999999998,0.018894640999999997,0.021490625999999995,0.019868135999999998,0.026741595999999996,0.015561160999999997,0.017198400999999995,0.021564375999999996,0.018053895999999996,0.020620380999999997,0.024307859999999997,0.019986134999999995,0.016033157999999995,0.009425195999999999
2024-02-15,3.824124928154446,0.020448640040897283,0.02161883404323767,0.02459390304918781,0.028778833057557667,0.01858426403716853,0.02532775305065551,0.026597116053194234,0.030663044061326087,0.027608640055217282,0.023324540046649085,0.021281660042563322,0.02473274004946548,0.013685317027370636,0.014696840029393681,0.02506991405013983,0.01900077403800155,0.030702711061405423,0.019774291039548583,0.025446756050893513,0.02804498305608997,0.03006803006013606,0.025248418050496838,0.02782681105565362,0.020746147041492295,0.016620718033241437,0.013923323027846646,0.012653960025307921,0.011979611023959221,0.021122989042245976,0.01634304503268609,0.021202325042404654,0.01618437503236875,0.020349471040698945,0.018703267037406535,0.018286757036573516,0.021539499043079,0.02144033004288066,0.025426922050853847,0.019833793039667588,0.01816775403633551,0.021162657042325315,0.01957595403915191,0.01886193703772387,0.022392352044784708,0.019119776038239555,0.017612408035224816,0.013625816027251632
2024-02-22,3.8267780710605046,0.021067980978932022,0.023732903976267098,0.02908789197091211,0.030244367969755638,0.023355791976644214,0.028057119971942886,0.02586987097413013,0.029414721970585284,0.026121278973878725,0.02212389397787611,0.020967417979032586,0.02214903497785097,0.013324617986675384,0.01533588098466412,0.028333668971666334,0.018126507981873492,0.027855993972144007,0.016768905983231094,0.02312952497687048,0.02534191497465809,0.027378318972621687,0.025367055974632947,0.027126910972873095,0.020992557979007443,0.017799677982200324,0.0166432019833568,0.012620675987379327,0.012997787987002213,0.019609814980390185,0.01769911498230089,0.023657481976342522,0.018654464981345535,0.02141995197858005,0.01888073198111927,0.01729686198270314,0.02174678197825322,0.017975663982024336,0.020615446979384555,0.01948411098051589,0.016894609983105394,0.02514078797485922,0.01825221198174779,0.019509251980490753,0.019458969980541033,0.020238334979761664,0.017095735982904266,0.015034190984965811
2024-02-29,3.8131503381039664,0.020443794,0.025765938,0.031172561000000005,0.037057896,0.028159495,0.034720658,0.02790606,0.027821581,0.024442441999999998,0.023963731,0.019289254,0.02173913,0.013122325,0.015009011,0.036410228,0.020134039,0.029032439999999996,0.018134715,0.024048209,0.024245326,0.023372381000000005,0.020894346,0.024526920000000004,0.019683487,0.017261771,0.017374409,0.013488398,0.013347601,0.026188331000000002,0.0145303,0.021654652,0.016670421,0.023034467,0.015515882,0.016980176,0.018331831,0.019289254,0.018247353,0.01393895,0.014840054,0.022386799,0.017430728,0.019373733,0.019458211,0.017627844,0.015403243999999998,0.016529624
2024-03-07,3.81580069299502,0.017058074,0.031095448,0.032280037,0.035833802,0.029733171,0.033050019,0.026919773999999997,0.024965203,0.02167797,0.021263364,0.019753013,0.022477567,0.012586253000000002,0.014600053,0.035359967,0.020286078,0.025675956,0.018449966,0.026297865,0.021322593,0.024846744,0.018864572,0.022773714,0.021144905,0.021085675,0.017828057,0.012852785,0.013119318,0.019634554,0.015903101,0.023780614000000002,0.018242663,0.02218142,0.015547724,0.014688897,0.019516096,0.017946516,0.016080789,0.016821157,0.016199248,0.026357093999999998,0.020937602,0.017146919,0.019871472,0.020463766,0.018420351,0.017058074
2024-03-14,3.810619993286757,0.015677138968645723,0.03034691193930618,0.03550966392898068,0.037650317924699375,0.03308568893382863,0.03308568893382863,0.02704149094591702,0.02480639695038721,0.02323238695353523,0.021689856956620287,0.01970660496058679,0.022036138955927723,0.011647673976704654,0.014008688971982623,0.03576150592847699,0.01888811896222376,0.023610148952779703,0.016054900967890202,0.02471195595057609,0.023515708952968582,0.026789648946420705,0.021658376956683247,0.023673109952653783,0.019014039961971922,0.018195554963608893,0.01816407496367185,0.012119876975760247,0.01448089197103822,0.018825158962349688,0.018038153963923696,0.02310646595378707,0.019139960961720083,0.02137505495724989,0.014984574970030853,0.015645658968708683,0.015740098968519804,0.016401183967197634,0.016527103966945796,0.019328841961342318,0.01580305996839388,0.021217653957564694,0.025719322948561354,0.018384435963231128,0.01851035696297929,0.017849272964301454,0.0192344019615312,0.018006673963986655
2024-03-21,3.812861157521322,0.016793550983206455,0.03396029296603972,0.03549037196450964,0.03593819996406181,0.037766830962233176,0.02463054197536946,0.023175100976824906,0.025526197974473808,0.020040304979959702,0.018734138981265868,0.021645021978354984,0.020786684979213318,0.011419614988580386,0.012800417987199584,0.029146140970853867,0.01895805298104195,0.019368561980631444,0.016345722983654283,0.025488878974511124,0.021868935978131068,0.02858635597141365,0.018995371981004632,0.025078369974921636,0.01851022498148978,0.022577996977422007,0.020114942979885062,0.013397521986602483,0.015860575984139428,0.01981639098018361,0.02048813297951187,0.024593222975406785,0.017204059982795946,0.022204806977795196,0.013546797986453205,0.015188833984811169,0.016532317983467687,0.015785937984214064,0.016569636983430367,0.016457679983542323,0.018286310981713693,0.023063143976936862,0.02698163897301837,0.015823256984176748,0.02052545197947455,0.023287057976712947,0.02123451297876549,0.019405880980594124
2024-03-28,3.808585618529838,0.016644347000000004,0.030227664000000008,0.035048785000000006,0.03470441900000001,0.046948536000000006,0.027396212000000007,0.023990817000000005,0.023799503000000007,0.019169696000000003,0.023034245000000002,0.019131433000000003,0.022728142000000003,0.013315477000000001,0.014118998000000004,0.027625789000000008,0.020470633000000005,0.021924622000000005,0.014807729000000004,0.022039411000000002,0.020011479000000002,0.029845035000000006,0.017983547000000003,0.024449971000000008,0.021580256000000003,0.020202793000000004,0.020700210000000004,0.013774632000000004,0.016032141000000003,0.017945284000000002,0.021580256000000003,0.019514062000000002,0.013200689000000003,0.024909126000000004,0.014118998000000004,0.014616415000000004,0.020470633000000005,0.016453032000000003,0.014233786000000003,0.016070404000000003,0.014310312000000004,0.022383777000000004,0.020700210000000004,0.020623685000000006,0.020585422000000006,0.026324852000000006,0.018289650000000005,0.021962885000000005
2024-04-04,3.790496715171717,0.01770967101770967,0.03766746203766746,0.04106258004106258,0.04110846004110845,0.04968801604968801,0.03041842503041842,0.022481189022481186,0.022848229022848228,0.023444669023444668,0.02110479002110479,0.01894843101894843,0.021747110021747108,0.012571114012571112,0.014773353014773352,0.025463388025463385,0.023352909023352908,0.015278033015278032,0.014360433014360432,0.022022389022022387,0.023307029023307026,0.026931547026931547,0.020416590020416587,0.025325748025325744,0.01995779001995779,0.024224628024224627,0.020645990020645988,0.014956873014956873,0.016470912016470912,0.024041108024041104,0.02069187002069187,0.020233070020233068,0.01812259101812259,0.022251789022251788,0.012020554012020552,0.011837034011837033,0.02183887002183887,0.016792072016792073,0.013442834013442834,0.012938154012938153,0.013029914013029912,0.01821435101821435,0.019407231019407226,0.012708754012708753,0.016792072016792073,0.020737750020737744,0.015599193015599193,0.021013030021013027
2024-04-11,3.792436375969636,0.020833333020833334,0.039109122039109136,0.0412936910412937,0.035699062035699065,0.04694160304694161,0.033727621033727624,0.023604007023604007,0.021472720021472727,0.025255754025255758,0.018595482018595483,0.01918158601918159,0.02168584802168585,0.012894288012894292,0.01630434801630435,0.028239557028239562,0.021099744021099747,0.01800937801800938,0.0155583970155584,0.022751492022751497,0.027973146027973152,0.025255754025255758,0.018755328018755332,0.023124467023124467,0.017849531017849533,0.018808610018808614,0.02291133802291134,0.01577152601577153,0.017956095017956097,0.024509804024509807,0.02014066502014067,0.021472720021472727,0.016943734016943737,0.019607843019607846,0.012468031012468031,0.013427110013427114,0.016570759016570763,0.013373828013373832,0.01214833801214834,0.015398551015398552,0.014652600014652602,0.02104646202104646,0.017369991017369996,0.012521313012521313,0.013853367013853368,0.01726342701726343,0.01779624901779625,0.028772379028772388
2024-04-18,3.8011609720622603,0.02110701904221404,0.038861100077722206,0.039795526079591054,0.033859177067718356,0.03803660707607322,0.03743197907486396,0.023470566046941133,0.018743473037486948,0.02077722204155445,0.019513000039026,0.01978783003957566,0.021931512043863025,0.015225636030451272,0.017754081035508164,0.030396306060792615,0.021161985042323972,0.01742428403484857,0.01605012903210026,0.023305667046611335,0.02473478804946958,0.020392459040784922,0.015445501030891004,0.02248117404496235,0.01495080502990161,0.018413676036827354,0.022591106045182215,0.01758918303517837,0.01659979103319958,0.025394382050788766,0.019403067038806135,0.02522948405045897,0.018743473037486948,0.02380036304760073,0.01286209002572418,0.01830374303660749,0.017094487034188973,0.015665366031330733,0.011542901023085804,0.014840873029681746,0.015280602030561207,0.021161985042323972,0.015390535030781072,0.01495080502990161,0.015060738030121477,0.01583026403166053,0.019677898039355796,0.031935360063870724
2024-04-25,3.7844060648683016,0.02345375411726878,0.037954732189773674,0.038837400194187015,0.031776054158880275,0.040476641202383215,0.03240653216203267,0.019355652096778267,0.019544795097723982,0.022760229113801152,0.01967089109835446,0.019607843098039222,0.022760229113801152,0.01506840707534204,0.018409936092049686,0.02994767014973836,0.020679654103398275,0.019040414095202074,0.013240023066200118,0.02673223613366119,0.026038711130193563,0.021814514109072577,0.018409936092049686,0.020490511102452563,0.012861736064308684,0.016833743084168722,0.020679654103398275,0.016707648083538244,0.021499275107496385,0.020112225100561133,0.019418700097093507,0.019544795097723982,0.01910346109551731,0.019418700097093507,0.01645545708227729,0.01450097707250489,0.011411639057058198,0.015446693077233469,0.011916020059580104,0.015446693077233469,0.015005359075026798,0.015951075079755378,0.015257550076287756,0.017022886085114437,0.009331064046655324,0.018788223093941122,0.026227854131139275,0.052581804262909045
2024-05-02,3.727925066470275,0.029656926940686147,0.05001316089997368,0.03492147093015706,0.022988505954022985,0.04273054291453892,0.01982977996034044,0.0201807489596385,0.02202333895595332,0.015003947969992102,0.016232341967535317,0.019127840961744316,0.024304641951390715,0.012985872974028253,0.015530402968939193,0.020707203958585593,0.01807493196385013,0.019391067961217867,0.009212950981574099,0.016934280966131438,0.024392383951215228,0.023514959952970083,0.01746073496507853,0.022198823955602347,0.010967798978064403,0.013512327972975344,0.01763621996472756,0.014477493971045013,0.016056856967886286,0.016232341967535317,0.02342721795314556,0.026322716947354562,0.022900762954198472,0.021321399957357202,0.016232341967535317,0.012547161974905676,0.01140650997718698,0.01061682897876634,0.011494252977011492,0.017548477964903043,0.020619460958761077,0.02342721795314556,0.01482846397034307,0.014126524971746948,0.013336842973326313,0.014038781971922435,0.03378081993243836,0.08572431282855138
2024-05-09,3.751391446588202,0.02845949108537848,0.031194559093583683,0.03333826110001478,0.021880544065641633,0.030824956092474872,0.02099349506298049,0.01751921905255766,0.020032525060097575,0.01855411005566233,0.016706091050118273,0.02084565306253696,0.023654642070963926,0.0168539330505618,0.01774098205322295,0.02624186907872561,0.021215257063645774,0.01973684205921053,0.009683619029050856,0.02202838606608516,0.026759314080277943,0.024911295074733886,0.01759314005277942,0.02106741606320225,0.010570668031712006,0.013083974039251923,0.018332348054997047,0.015375517046126552,0.01884979305654938,0.01973684205921053,0.015966884047900653,0.020623891061871673,0.023950325071850978,0.017001774051005322,0.01729745705189237,0.014858072044574218,0.01360141904080426,0.01197516303592549,0.013231815039695446,0.01729745705189237,0.016706091050118273,0.024985216074955654,0.017962744053888233,0.02099349506298049,0.012123004036369012,0.014636310043908932,0.034003548102010644,0.08900059126700179
2024-05-16,3.7579927796963815,0.033885301,0.024167253,0.028834473,0.021673806,0.027427913999999998,0.016942651,0.017709865,0.022632824,0.023719711,0.018221341,0.022121348,0.025637747,0.0177738,0.02116233,0.02793939,0.020395115,0.019308228,0.01016559,0.026021354000000003,0.024486925,0.01975577,0.021034461,0.020139377,0.013234448,0.011700019,0.017645931,0.014832811,0.016686913,0.021418068,0.013426252000000001,0.018541014,0.018477079,0.019947574,0.013745924,0.012850841,0.015536091,0.008439358,0.013426252000000001,0.02045905,0.0177738,0.027044307,0.023911515,0.022888562,0.01566396,0.015088549000000001,0.030241033,0.085864075
2024-05-23,3.752872564297008,0.030118232939763536,0.02059738595880523,0.019041692961916615,0.015432482969135033,0.02551337894897324,0.01661480996677038,0.0152457999695084,0.023024268953951463,0.021095207957809586,0.014623521970752956,0.023522090952955817,0.027815805944368385,0.018481642963036712,0.020037336959925326,0.02296204095407592,0.02047293095905414,0.01649035496701929,0.00827629098344742,0.025015556949968886,0.028562538942874922,0.018170503963658994,0.021219663957560673,0.01929060396141879,0.011698817976602363,0.011947728976104542,0.016179215967641568,0.014187927971624145,0.016988176966023647,0.02171748595656503,0.013067827973864344,0.023148723953702554,0.01897946496204107,0.01829495996341008,0.016116987967766023,0.016054759967890485,0.018668325962663348,0.011014311977971376,0.01051648997896702,0.02812694494374611,0.01929060396141879,0.028749221942501558,0.028562538942874922,0.026135656947728687,0.01729931496540137,0.02072184195855632,0.03322961993354076,0.08767890482464219
2024-05-30,3.6884751138107017,0.03311217996688782,0.016190881983809118,0.016434353983565644,0.020329903979670095,0.015460465984539535,0.013999634986000365,0.014669182985330818,0.02361677497638322,0.021851603978148393,0.017956052982043946,0.026112361973887634,0.029277496970722502,0.020512507979487487,0.022582019977417978,0.022521151977478844,0.01874733698125266,0.01801692098198308,0.00839978099160022,0.021547263978452733,0.02416458697583541,0.01777344898222655,0.02203420797796579,0.021729867978270128,0.01144317998855682,0.01174751998825248,0.014730050985269947,0.013330086986669912,0.013451822986548177,0.02045163997954836,0.01180838798819161,0.014486578985513419,0.016190881983809118,0.016616957983383043,0.012721406987278592,0.015886541984113458,0.02136465997863534,0.011382311988617687,0.010956235989043762,0.019782092980217904,0.021547263978452733,0.031225271968774723,0.0262340979737659,0.021242923978757072,0.012904010987095989,0.02002556497997443,0.043277131956722864,0.12015338687984661
2024-06-06,3.70635371876856,0.03683251411049753,0.016732012050196036,0.018499089055497266,0.016455906049367718,0.017615550052846648,0.014136617042409849,0.013253079039759235,0.021536253064608758,0.018167762054503284,0.016897675050693024,0.027113590081340767,0.030702965092108892,0.022475012067425033,0.023082445069247334,0.01938262705814788,0.01860953105582859,0.019327406057982215,0.009498040028494118,0.017781214053343642,0.022695897068087688,0.017946877053840626,0.022309349066928046,0.02606438807819316,0.01143078003429234,0.011762107035286322,0.014744050044232149,0.013142636039427906,0.015461925046385773,0.01938262705814788,0.014191838042575513,0.014854492044563477,0.012921752038765253,0.017339444052018326,0.01479927104439781,0.016069358048208072,0.02103926206311778,0.010215915030647746,0.014854492044563477,0.017946877053840626,0.02275111806825335,0.027058369081175104,0.018830416056491245,0.0225302340675907,0.015517146046551437,0.029708984089126953,0.04820807314462421,0.10812303332436908
2024-06-13,3.7096298337786555,0.03370362393259275,0.01040767897918464,0.01644736796710526,0.014829593970340808,0.013373597973252802,0.00878990498242019,0.010191975979616045,0.023781276952437442,0.017202329965595335,0.01644736796710526,0.027340379945319238,0.03375754993248489,0.024158757951682475,0.024374460951251075,0.020006470959987057,0.013751078972497839,0.019413286961173424,0.009814494980371008,0.015261000969477995,0.023781276952437442,0.017148403965703187,0.021354615957290764,0.025776530948446934,0.014991371970017254,0.013319671973360654,0.017148403965703187,0.016716996966566002,0.01445211397109577,0.01882010396235979,0.013157894973684208,0.013589300972821395,0.013481449973037098,0.017525883964948228,0.013643226972713545,0.018927954962144087,0.023026315953947364,0.012834339974331317,0.012888265974223467,0.019359361961281275,0.023619499952760997,0.03915012892169974,0.0235116479529767,0.027556082944887827,0.016069887967860224,0.031169110937661774,0.04626833490746332,0.09765961980468076
2024-06-20,3.6572721290335846,0.02335346302335346,0.009011134009011133,0.016465371016465367,0.014861295014861291,0.008256275008256273,0.00693527100693527,0.008963955008963952,0.024910360024910354,0.01712587301712587,0.014059256014059251,0.026797509026797506,0.03420456703420456,0.022173995022173987,0.023778071023778068,0.014861295014861291,0.015097188015097183,0.014861295014861291,0.010992640010992639,0.01495565201495565,0.01887148501887148,0.02066427602066427,0.021419136021419132,0.0239196070239196,0.012502359012502356,0.011794678011794674,0.015427439015427435,0.015521797015521794,0.014247971014247969,0.01896584301896584,0.014436686014436683,0.013021325013021322,0.013304397013304395,0.014861295014861291,0.017692017017692015,0.01745612401745612,0.021041706021041703,0.012926967012926963,0.014389507014389503,0.019107379019107376,0.022315531022315524,0.03991319103991318,0.025287790025287787,0.034723533034723524,0.01887148501887148,0.03491224803491224,0.04958482704958481,0.12115493512115491
2024-06-27,3.64214856952768,0.018106107981893885,0.006729374993270624,0.016990741983009258,0.014165148985834848,0.007510130992489867,0.009778041990221956,0.011897237988102759,0.025244450974755545,0.016618953983381042,0.012715172987284825,0.025281629974718365,0.034093021965906974,0.020708628979291367,0.02342268697657731,0.01152544898847455,0.011228017988771979,0.014090790985909207,0.009071643990928356,0.015429229984570768,0.016061270983938725,0.016061270983938725,0.019518904980481092,0.02502137797497862,0.013942074986057923,0.011228017988771979,0.013756180986243816,0.016098449983901548,0.015020261984979733,0.015354871984645127,0.01282670898717329,0.010781871989218126,0.012603635987396361,0.013756180986243816,0.013310034986689962,0.019816335980183664,0.021006059978993935,0.014871546985128452,0.015168977984831019,0.02409190597590809,0.024984198975015796,0.041863404958136584,0.0323827939676172,0.04539539695460459,0.018143286981856712,0.04379670595620328,0.05732981394267018,0.11120199288879799
2024-07-04,3.6805457770789913,0.012894539051578158,0.006266021025064085,0.014499883057999534,0.011858833047435333,0.005515134022060537,0.00807850703231403,0.010900805043603221,0.023070350092281408,0.013360607053442431,0.012221330048885322,0.022267678089070715,0.028248880112995527,0.018487351073949405,0.020558763082235056,0.012299008049196035,0.013748997054995991,0.012299008049196035,0.009088320036353282,0.015406126061624505,0.01680432906721732,0.019548950078195803,0.018487351073949405,0.025193548100774194,0.01455166905820668,0.01468113205872453,0.01587219406348878,0.016571295066285182,0.016441832065767333,0.02058465608233863,0.015069522060278092,0.014991844059967379,0.012324901049299605,0.01455166905820668,0.01579451606317807,0.01771057207084229,0.023665881094663527,0.016208798064835193,0.01747753806991016,0.033013128132052524,0.029206908116827638,0.04223091116892365,0.03265063013060253,0.04722819218891278,0.0295952981183812,0.05111208920444836,0.059889697239558795,0.07747080630988325
2024-07-11,3.696777456720346,0.008537772991462226,0.004729430995270568,0.012009564987990433,0.014135151985864847,0.00554423899445576,0.007811530992188468,0.010946771989053227,0.019183419980816574,0.014489415985510581,0.01372774798627225,0.017660082982339915,0.02261978597738021,0.013391196986608801,0.016172172983827827,0.010574793989425204,0.014206004985793995,0.01372774798627225,0.011123903988876095,0.01503852598496147,0.017518376982481623,0.020458771979541227,0.017376671982623326,0.027668053972331942,0.016012753983987247,0.015587635984412363,0.016792134983207863,0.017093259982906735,0.019006287980993707,0.02345230697654769,0.018102913981897086,0.01411743898588256,0.011743866988256132,0.016491010983508986,0.015162518984837479,0.023044902976955092,0.0265166949734833,0.020795323979204673,0.02306261597693738,0.03507218096492782,0.02642812897357187,0.05218315494781684,0.039677618960322375,0.04663891595336108,0.03555043796444955,0.0519705959480294,0.05623948294376051,0.05060667794939332
2024-07-18,3.7627568323212435,0.0077350949922649044,0.005634740994365259,0.013978213986021785,0.015079088984920911,0.009458832990541167,0.008922880991077119,0.01363056998636943,0.01926531098073469,0.015050118984949882,0.014789384985210615,0.01801958398198042,0.02153948697846051,0.012312416987687582,0.014789384985210615,0.013905787986094213,0.01426791798573208,0.01687525298312475,0.015122544984877452,0.020525522979474478,0.017932672982067323,0.02527666697472333,0.020221333979778666,0.030158177969841823,0.01954052998045947,0.016397241983602755,0.019641925980358074,0.018425168981574834,0.01890318098109682,0.02414682197585317,0.022669331977330665,0.021974042978025955,0.014601077985398921,0.01700561998299438,0.01648415298351585,0.02264036197735964,0.024349614975650385,0.023668809976331185,0.025841589974158412,0.03377947696622052,0.028159220971840784,0.04501998995498001,0.03350425896649574,0.03929833696070167,0.034793440965206555,0.043050002956949995,0.03966046696033953,0.03195434296804566
2024-07-25,3.7896060367100945,0.00812264498375471,0.007044175985911648,0.017078031965843937,0.01657292596685415,0.009187461981625077,0.010661824978676349,0.015235078969529843,0.020204226959591547,0.015371593969256811,0.014907442970185114,0.01709168396581663,0.02159667995680664,0.012463823975072353,0.014552503970894992,0.015289684969420632,0.016067820967864358,0.021528421956943156,0.0163408509673183,0.018415878963168243,0.01718724396562551,0.025214328949571343,0.021296346957407307,0.031739747936520506,0.021214437957571122,0.017815212964369574,0.02072298395855403,0.020013104959973792,0.02096871095806258,0.02829956894340086,0.02203352795593294,0.019535302960929396,0.019262272961475455,0.02044995395910009,0.019617211960765574,0.024395237951209525,0.027303008945393982,0.0231529509536941,0.025200676949598648,0.030811444938377112,0.02667503994664992,0.04283842091432316,0.0340468519319063,0.03475672993048654,0.028367825943264348,0.03546660792906678,0.031343853937312295,0.02253863395492273
2024-08-01,3.8124738005691037,0.010298404989701594,0.009800330990199668,0.020904442979095557,0.0197911019802089,0.011865871988134127,0.014209747985790248,0.017725560982274437,0.020919091979080904,0.015542826984457171,0.016626869983373125,0.01627528798372471,0.019996190980003808,0.01063533698936466,0.013550531986449467,0.019981541980018454,0.017491173982508827,0.02405402597594597,0.017168890982831107,0.02257445497742554,0.020230578979769417,0.0265150959734849,0.02108023397891976,0.029444940970555052,0.021754097978245897,0.01908793898091206,0.019981541980018454,0.018780305981219693,0.020303824979696173,0.02776027997223971,0.02157830697842169,0.022427961977572033,0.02320437097679563,0.019234431980765562,0.021475762978524233,0.023878235976121757,0.025108769974891226,0.023907533976092462,0.0256507919743492,0.026632289973367706,0.024097973975902024,0.04075414195924585,0.03126144496873855,0.028873620971126373,0.02733545297266454,0.029093359970906632,0.023394810976605184,0.017740210982259783
2024-08-08,3.8272562624564,0.014252568942989721,0.01657275393370898,0.022281147910875404,0.021765550912937793,0.018101130927595473,0.018230029927079876,0.020734356917062567,0.024564504901741974,0.022999299908002795,0.0191323239234707,0.017162007931351964,0.02180237891279048,0.010109379959562478,0.014031598943873602,0.021526166913895327,0.018800868924796522,0.026056052895775783,0.019445364922218537,0.018248443927006218,0.022778329908886678,0.027216145891135413,0.019426950922292196,0.024969616900121526,0.02110264091558943,0.020881670916473312,0.021765550912937793,0.014013184943947257,0.02016351791934592,0.023312340906750634,0.020697528917209877,0.022796743908813023,0.025485212898059145,0.01992413392030346,0.022336389910654435,0.025540455897838172,0.022925643908297415,0.023662209905351155,0.025558869897764517,0.02498803090004787,0.015744116937023527,0.036073361855706546,0.03207748687169005,0.02535631389857474,0.021213125915147492,0.021434095914263613,0.017364563930541737,0.015375832938496667
2024-08-15,3.7957365347765517,0.022031685999999998,0.030875866,0.033891439,0.01678819,0.02889549,0.0205239,0.031866055,0.032113602,0.018543523,0.01942119,0.018588532,0.017643352,0.008169052,0.011589702,0.02005131,0.019938788,0.023539472,0.017193267,0.014110181,0.026307498,0.039292466,0.023066883,0.029593123,0.019488703,0.0231569,0.018768566,0.010306958,0.014560266,0.013952651,0.015100368999999999,0.033126294,0.031753533,0.019556216,0.021221532000000005,0.010284454,0.019331173,0.026870105,0.01726078,0.024507156,0.01615807,0.030380771999999997,0.0231569,0.018093437999999996,0.024799712,0.016225583,0.014807813,0.013097489
2024-08-22,3.803312602386195,0.0250941029749059,0.039402143960597866,0.035087718964912286,0.030905368969094633,0.03178586396821414,0.02667899397332101,0.030729269969270737,0.029672675970327328,0.0245658059754342,0.02240859397759141,0.018534415981465588,0.022122432977877568,0.010543925989456075,0.012877236987122766,0.028109797971890206,0.022254506977745496,0.025138127974861875,0.01580488198419512,0.02771357497228643,0.027647537972352466,0.0247419049752581,0.023090976976909025,0.024191595975808406,0.01934887398065113,0.01794008198205992,0.015782869984217133,0.011644543988355457,0.015496708984503293,0.016839463983160538,0.015848906984151093,0.022694753977305252,0.02258469297741531,0.019546984980453017,0.016223116983776882,0.017521846982478155,0.0245658059754342,0.01901868898098131,0.01822624298177376,0.02342116297657884,0.014087916985912085,0.021440048978559955,0.021594135978405867,0.01642122898357877,0.013823768986176233,0.013515595986484405,0.01347157098652843,0.009839529990160472
2024-08-29,3.7921570762896284,0.02528590897471409,0.03811247496188753,0.040499422959500576,0.03113524296886476,0.03318119796681881,0.035436994964563005,0.03551568596448431,0.027646626972353372,0.026859720973140277,0.020669394979330603,0.019462805980537193,0.023397334976602662,0.012538033987461965,0.015029901984970099,0.03155492596844507,0.023213723976786275,0.023554715976445283,0.01600041998399958,0.02667610997332389,0.02824992097175008,0.024761304975238693,0.02431539197568461,0.0217186019782814,0.01870212998129787,0.016393872983606127,0.016603713983396284,0.0117248979882751,0.014033154985966847,0.018256216981743786,0.01636764198363236,0.018807050981192952,0.022085824977914177,0.018859510981140488,0.017626691982373308,0.017810302982189698,0.02282027097717973,0.018020144981979857,0.01746931098253069,0.022007134977992865,0.011541285988458713,0.017757842982242155,0.016761094983238904,0.01369216198630784,0.012354421987645579,0.012852795987147204,0.011357674988642324,0.011278983988721018
2024-09-05,3.756599926241551,0.02524681392425955,0.03894000088317999,0.041048995876853,0.04190481987428553,0.037075525888773414,0.03894000088317999,0.03463031489610905,0.02863954491408136,0.028333893914998312,0.02127334393617996,0.02402420792792737,0.026744505919766477,0.01467127195598618,0.019072652942782035,0.03530274789409175,0.022801601931595188,0.026377723920866823,0.019133783942598646,0.03145153890564538,0.026438853920683434,0.024849466925451594,0.02503285792490142,0.021181648936455046,0.01888926194333221,0.0141210989576367,0.012378885962863339,0.012287189963138427,0.012837362961487908,0.017177613948467153,0.01399883895800348,0.0228627319314118,0.02329064393012806,0.01601613795195158,0.013723751958828741,0.013234709960295868,0.0235351649293945,0.014426750956719744,0.015221444954335661,0.019806216940581347,0.009230674972307973,0.013020753960937737,0.014335054956994832,0.011889842964330469,0.010392150968823545,0.009444630971666104,0.006968853979093437,0.007794112976617659
2024-09-12,3.764223627499421,0.022956697999999998,0.03667615099999999,0.03940445099999999,0.042093775999999986,0.034103752999999994,0.03870288799999999,0.03718283499999999,0.029231788999999994,0.031063646999999993,0.023307478999999996,0.026971196999999992,0.030206181999999995,0.017188291999999997,0.020657130999999992,0.03199906499999999,0.020774057999999998,0.024203920999999996,0.016174922999999997,0.027088123999999995,0.022800794999999992,0.025801924999999993,0.025879876999999992,0.021943328999999998,0.018786295999999997,0.015278481999999996,0.014343063999999997,0.011341933999999996,0.012121447999999996,0.018123708999999998,0.011030127999999998,0.023775187999999992,0.018123708999999998,0.017967805999999996,0.013524573999999996,0.013446622999999996,0.026659390999999994,0.016330825999999996,0.017383169999999996,0.017811902999999997,0.009588026999999999,0.012589156999999998,0.012589156999999998,0.011926569999999996,0.013095840999999997,0.010835249999999998,0.008925438999999999,0.007990021999999998
2024-09-19,3.7934987682111525,0.023936299976063696,0.02696497497303502,0.032778075967221924,0.03404816596595183,0.03116603996883396,0.0238386009761614,0.027990815972009184,0.03253382796746617,0.03009134896990865,0.022568511977431486,0.026818425973181573,0.031752234968247764,0.01924673898075326,0.02032142997967857,0.03258267796741732,0.02017488197982512,0.023301254976698743,0.016169214983830785,0.029798250970201747,0.027258071972741927,0.027013823972986174,0.030384445969615554,0.027209222972790777,0.01670656098329344,0.016022665983977336,0.015094523984905475,0.012603194987396805,0.014410629985589372,0.02139612097860388,0.014850275985149725,0.023936299976063696,0.01914903998085096,0.02178691797821308,0.015338771984661227,0.014166381985833617,0.0241316989758683,0.021103023978896976,0.01787895098212105,0.01797664998202335,0.011626202988373796,0.01079575998920424,0.011577352988422648,0.012945141987054858,0.01660886098339114,0.011772751988227246,0.010209564989790434,0.009965316990034683
2024-09-26,3.797285419150829,0.026040108026040107,0.027057767027057766,0.034480694034480695,0.03579766503579766,0.023825202023825202,0.027955702027955696,0.03154744103154744,0.03406165803406166,0.02424423802424424,0.02436396302436396,0.028674050028674045,0.031846752031846746,0.018198144018198144,0.021849746021849744,0.028494463028494465,0.014606405014606404,0.019574978019574977,0.01580365201580365,0.03358276003358276,0.024962586024962582,0.027536666027536665,0.028614187028614187,0.02615983202615983,0.017360072017360072,0.016162826016162826,0.016282550016282548,0.011553427011553426,0.01526489101526489,0.014606405014606404,0.017479796017479794,0.01837773101837773,0.021011673021011673,0.020712362020712364,0.01472613001472613,0.018018557018018556,0.018617180018617178,0.019754565019754564,0.023825202023825202,0.022149057022149053,0.011194253011194252,0.012152050012152048,0.010416043010416043,0.016641724016641723,0.015085304015085302,0.01424723101424723,0.012451362012451362,0.012630949012630949
2024-10-03,3.7925400203695157,0.02981278694037444,0.019498409961003188,0.03433415793133169,0.03306252193387496,0.02797597994404805,0.02119392395761216,0.028753090942493828,0.03864358892271283,0.03256799693486402,0.023595902952808202,0.029459554941080896,0.03383963293232075,0.01730837196538326,0.022536205954927595,0.02677499094645003,0.016389967967220073,0.017096431965807145,0.011232779977534444,0.03066054393867892,0.029318261941363485,0.024514305950971396,0.027552101944895803,0.025220769949558467,0.01540091796919817,0.01886259296227482,0.014341221971317562,0.013634757972730489,0.015118332969763339,0.019922288960155427,0.015754149968491706,0.026563051946873906,0.02020487495959026,0.022253620955492767,0.015259625969480753,0.016036735967926534,0.018156128963687748,0.01893323896213353,0.017096431965807145,0.024090426951819153,0.011162133977675737,0.010667608978664785,0.012787000974426001,0.017025785965948434,0.01533027196933946,0.018156128963687748,0.012716354974567294,0.009184033981631937
2024-10-10,3.785962532997181,0.036670061889989815,0.021668672934993975,0.03250300990249097,0.03204000390387998,0.029632372911102878,0.022502083932493745,0.028613760914158716,0.03648485989054542,0.028058153915825532,0.026113528921659412,0.028706361913880908,0.034169830897490504,0.016668209949995367,0.022687285931938143,0.028058153915825532,0.016760810949717566,0.017409018947772942,0.011667746964996758,0.033614223899157324,0.03324381890026854,0.026391332920826,0.02981757591054727,0.026298730921103804,0.017872024946383923,0.02065005993804982,0.013797573958607277,0.013334567959996293,0.015001388954995832,0.01685341194943976,0.010649133968052596,0.0211130659366608,0.01629780495110658,0.021020464936938602,0.01824242994527271,0.01240855596277433,0.01824242994527271,0.019724048940827854,0.01685341194943976,0.023335493929993515,0.012964162961107509,0.011389943965830169,0.011945550964163346,0.016760810949717566,0.010186127969441613,0.015001388954995832,0.014630983956107046,0.011945550964163346
2024-10-17,3.760322794858382,0.0443661970887324,0.020657277041314558,0.047535211095070425,0.027112676054225352,0.0300469480600939,0.02241784004483568,0.03239436606478873,0.031807512063615026,0.026995305053990608,0.02429577504859155,0.02676056305352113,0.026525822053051644,0.015258216030516433,0.019483568038967135,0.03122065706244131,0.01830985903661972,0.018075117036150234,0.014436620028873241,0.03661971807323944,0.033920188067840376,0.029929577059859155,0.033568075067136154,0.02828638505657277,0.017957746035915493,0.014319249028638495,0.016666667033333336,0.01185446002370892,0.01842723003685446,0.016666667033333336,0.01830985903661972,0.02183098604366197,0.011384977022769954,0.02288732404577465,0.01701877903403756,0.009624413019248827,0.008920188017840378,0.014788732029577464,0.021948357043896714,0.025352113050704228,0.01185446002370892,0.01056338002112676,0.010211268020422538,0.013967136027934271,0.011737089023474177,0.011384977022769954,0.01056338002112676,0.011737089023474177
2024-10-24,3.7455520163218976,0.04950748419802994,0.027760010111040043,0.04004093616016374,0.02942305211769221,0.038377894153511574,0.024433926097735707,0.027760010111040043,0.03108609412434438,0.02238710508954842,0.02238710508954842,0.02456185209824741,0.02609696810438787,0.014967379059869515,0.018549316074197263,0.03236535812946143,0.016758347067033386,0.018165537072662146,0.012153000048612002,0.037482410149929646,0.039273379157093516,0.029806831119227325,0.02801586311206345,0.026352821105411282,0.018293463073173852,0.01317641005270564,0.015223231060892926,0.013304337053217348,0.016630421066521683,0.016246642064986567,0.013560189054240758,0.01803761007215044,0.014839452059357808,0.02085198908340796,0.02021235808084943,0.010873737043494947,0.011385442045541769,0.02289881009159524,0.037098631148394526,0.019188947076755787,0.010362031041448125,0.006268389025073556,0.012664705050658821,0.0145836000583344,0.007675579030702317,0.007931431031725722,0.010234105040936421,0.01074581004298324
2024-10-31,3.7256458519288094,0.046081678046081674,0.03807947003807946,0.04070088304070088,0.02938741702938741,0.04980684304980684,0.02083333302083333,0.03090507703090507,0.034492274034492273,0.026490066026490063,0.02552428302552428,0.025386313025386312,0.027593819027593815,0.015038631015038629,0.01807395101807395,0.03366445903366446,0.012969095012969094,0.018349890018349888,0.005242826005242825,0.03766556303766556,0.03559602603559602,0.02552428302552428,0.03311258303311258,0.02373068402373068,0.016418322016418317,0.014486755014486753,0.0151766000151766,0.011589404011589402,0.0191777040191777,0.01931567301931567,0.012417219012417218,0.009933775009933775,0.012279249012279248,0.020005519020005517,0.016832230016832227,0.012969095012969094,0.008416115008416113,0.016970199016970194,0.03242273703242273,0.016004415016004414,0.010485651010485651,0.00607064000607064,0.009519868009519868,0.017246137017246137,0.011175497011175496,0.009933775009933775,0.010899558010899557,0.016004415016004414
2024-11-07,3.70646524386576,0.05563668188872663,0.037821261924357474,0.05081775689836447,0.027599298944801398,0.06133177587733644,0.019713784960572425,0.032272195935455605,0.026869158946261677,0.02205023395589953,0.026431074947137846,0.022342289955315415,0.02132009295735981,0.01504088796991822,0.018253504963492987,0.03446261693107476,0.010075934979848128,0.026139018947721956,0.00934579398130841,0.0262850469474299,0.03869742992260513,0.0202978969594042,0.030957943938084105,0.027015186945969622,0.014456775971086445,0.014164719971670557,0.01124415897751168,0.011682242976635513,0.014894859970210277,0.021174064957651867,0.009199765981600466,0.013580606972838784,0.01693925196612149,0.025408878949182236,0.018399532963200932,0.007593457984813082,0.00861565398276869,0.015478971969042053,0.024094625951810743,0.017961448964077097,0.009053737981892523,0.01270443897459112,0.010221962979556073,0.021466120957067757,0.011390186977219625,0.01051401897897196,0.007447429985105138,0.011536214976927568
2024-11-14,3.6869159006925276,0.05277191421108766,0.03999555615998222,0.061882013247528046,0.029107877116431508,0.07032551928130207,0.02355293909421175,0.035329408141317624,0.023108543092434167,0.02210865508843462,0.03399622313598489,0.023108543092434167,0.024552827098211306,0.014220642056882567,0.016664815066659257,0.03077435812309743,0.012220864048883454,0.020886568083546272,0.009110099036440396,0.030329963121319848,0.032551939130207756,0.028441284113765133,0.02399733409598933,0.023219642092878565,0.019442284077769136,0.010554383042217532,0.013331852053327407,0.012554161050216643,0.012665259050661036,0.017553605070214418,0.011776469047105874,0.012665259050661036,0.017220309068881234,0.02221975308887901,0.017220309068881234,0.011109877044439508,0.009332296037329183,0.011554272046217088,0.017998000071991996,0.015109432060437729,0.012776358051105432,0.013442951053771803,0.008887901035551603,0.014776136059104545,0.011332074045328294,0.006665926026663703,0.0076658150306632596,0.00988779003955116
2024-11-21,3.6153139495361017,0.06265664231328322,0.04203691021018455,0.07256778336283891,0.03554340417771702,0.09068124945340625,0.02836637014183185,0.0371383001856915,0.022214627111073137,0.021986785109933925,0.025746184128730917,0.021075416105377078,0.019594441097972207,0.011278195056390975,0.015379357076896784,0.027796765138983826,0.01070859005354295,0.01879699209398496,0.009911141049555705,0.034973798174868995,0.031556163157780814,0.023467760117338803,0.024037366120186834,0.022214627111073137,0.015948963079744815,0.017088175085440877,0.012987013064935065,0.011733880058669401,0.012645249063226246,0.01116427405582137,0.01116427405582137,0.017316017086580086,0.01013898405069492,0.025062657125313286,0.014126225070631123,0.01093643205468216,0.011050353055251766,0.011392117056960586,0.013328776066643882,0.0136705400683527,0.008658009043290045,0.010480747052403736,0.009911141049555705,0.015151515075757576,0.00843016604215083,0.0056960580284802905,0.005923901029619504,0.00626566403132832
2024-11-28,3.6432895643532506,0.06583369226333477,0.04549763018199052,0.07074536828298147,0.031193451124773806,0.08194743632778974,0.02085308108341232,0.031451960125807844,0.023524343094097372,0.019474364077897457,0.025506247102024985,0.021370099085480397,0.020766911083067642,0.011632917046531669,0.016027574064110296,0.027229642108918567,0.009737182038948728,0.021370099085480397,0.010857389043429555,0.03619129714476519,0.026109436104437743,0.027229642108918567,0.02171477808685911,0.019474364077897457,0.017492460069969844,0.013183972052735887,0.016286084065144337,0.012580784050323136,0.012063766048255065,0.016286084065144337,0.007582938030331752,0.017492460069969844,0.008616975034467901,0.022576476090305907,0.017147781068591127,0.01327014205308057,0.013959500055837999,0.011374408045497632,0.015338216061352864,0.014131840056527359,0.009478673037914692,0.014131840056527359,0.011202068044808272,0.01680310206721241,0.012753124051012496,0.010081861040327442,0.005945713023782852,0.0044808270179233075
2024-12-05,3.6899065770940775,0.06301407099999998,0.04098973599999998,0.05580857899999998,0.027326489999999988,0.06328597599999997,0.023587790999999993,0.02569505799999999,0.02535517599999999,0.025219223999999988,0.03120114199999999,0.023111956999999992,0.021276595999999988,0.011691930999999996,0.015158724999999994,0.02623886899999999,0.011080143999999995,0.01842158899999999,0.012371694999999995,0.04078580699999998,0.03487186499999999,0.030453401999999987,0.020800760999999994,0.02569505799999999,0.017741825999999992,0.016518251999999994,0.015770511999999993,0.009244782999999996,0.011080143999999995,0.015634558999999992,0.0059819179999999975,0.016178369999999994,0.009856569999999997,0.021412547999999993,0.017877778999999993,0.013663244999999994,0.013935150999999995,0.013187410999999994,0.016450274999999993,0.015430629999999996,0.010944190999999997,0.01624634599999999,0.016042416999999993,0.015158724999999994,0.013935150999999995,0.013119433999999994,0.005710012999999998,0.005438107999999997
2024-12-12,3.713163128228595,0.06437166106437166,0.03377758603377758,0.05670965305670965,0.029568877029568875,0.050126801050126804,0.019802514019802514,0.03188906303188906,0.029622835029622836,0.023903308023903308,0.03134948503134949,0.02190686902190687,0.01985647201985647,0.011924675011924676,0.01580963701580964,0.027086818027086818,0.01327362001327362,0.01796794901796795,0.008039713008039713,0.03291426103291426,0.03253655603253656,0.02654724002654724,0.024227054024227056,0.026924945026924947,0.018291696018291694,0.01818378001818378,0.014029029014029032,0.00960448900960449,0.01257216901257217,0.016079426016079427,0.008201586008201586,0.014892354014892355,0.009226785009226784,0.01796794901796795,0.01527005901527006,0.018777316018777315,0.017644202017644203,0.02158312202158312,0.016295257016295257,0.02206874202206874,0.009334700009334701,0.01861544301861544,0.01818378001818378,0.013165704013165705,0.01580963701580964,0.010036152010036152,0.00814762900814763,0.005881401005881401
2024-12-19,3.7399273186342077,0.05496528694503471,0.024931916975068084,0.048943269951056724,0.03574853296425146,0.0361321009638679,0.0205975989794024,0.02800045997199954,0.03712937696287062,0.029879942970120057,0.028575811971424187,0.024778489975221512,0.02243872497756127,0.012657741987342257,0.016148210983851788,0.026657971973342024,0.016148210983851788,0.017759195982240805,0.009435771990564229,0.03432933096567067,0.031414214968585784,0.02800045997199954,0.024203137975796863,0.025929192974070803,0.021326377978673622,0.017567411982432588,0.012964596987035403,0.011008399988991599,0.012849525987150473,0.012772812987227185,0.009512484990487515,0.017183843982816156,0.011200183988799815,0.01829619098170381,0.01653177898346822,0.018449617981550384,0.02550726897449273,0.023359287976640712,0.013923516986076483,0.024931916975068084,0.008246710991753288,0.016339994983660004,0.017797552982202446,0.014076943985923055,0.013501591986498408,0.014882435985117563,0.009397414990602584,0.0035671819964328178
2024-12-26,3.7630493639836184,0.05047773589904453,0.025809746948380504,0.044318249911363496,0.031338260937323476,0.028153355943693288,0.02151312995697374,0.02800312494399375,0.0354545999290908,0.033381406933237184,0.029415299941169395,0.024788173950423653,0.02244456495511087,0.01301003497397993,0.01547382996905234,0.02397692395204615,0.017396790965206417,0.015083227969833544,0.011718045976563908,0.03019650293960699,0.03010636393978727,0.02466798895066402,0.02692145894615708,0.02905474394189051,0.018027762963944472,0.018388317963223363,0.014241932971516135,0.011177212977645574,0.014512348970975303,0.015413736969172526,0.013160266973679466,0.017096327965807342,0.008382909983234179,0.02199387095601226,0.017066281965867434,0.01805780896388438,0.02412715595174569,0.026771227946457542,0.016916050966167898,0.02268493495463013,0.00910401998179196,0.019109428961781142,0.022714980954570037,0.013610960972778077,0.012649479974701039,0.015864430968271136,0.011988461976023075,0.0042365239915269515
2025-01-02,3.7027608140880925,0.04313217312939652,0.034912995104738984,0.044613106133839314,0.016327286048981857,0.018696779056090337,0.016956683050870048,0.049241022147723065,0.045205479135616435,0.028100703084302108,0.02543502407630507,0.02487967407463902,0.015623843046871528,0.0048870790146612365,0.006627175019881525,0.015957053047871157,0.01077378703232136,0.013513514040540542,0.012143650036430951,0.012810070038430208,0.040059237120177706,0.05149944515449833,0.020362829061088487,0.03546834510640503,0.019659385058978157,0.03202517609607553,0.012884117038652351,0.008811551026434652,0.010884857032654571,0.014068863042206588,0.01266197703798593,0.030248056090744168,0.018326546054979635,0.020436875061310623,0.022769345068308033,0.008515365025546095,0.02421325407263976,0.02543502407630507,0.013624583040873746,0.03383931910151795,0.010329508030988522,0.016660496049981485,0.01854868605564606,0.01073676403221029,0.016845613050536837,0.012736024038208072,0.01018141403054424,0.008330248024990742
2025-01-09,3.7927424439260964,0.029510301999999995,0.024010273999999995,0.035792059999999994,0.03347478899999999,0.023675246999999996,0.020799597999999996,0.032050923999999995,0.031576301999999994,0.030096598999999998,0.026076273999999993,0.021916354999999995,0.022000111999999995,0.010413757999999999,0.013875704999999999,0.025936679999999997,0.023507733999999995,0.019431570999999998,0.014322407999999997,0.029817409999999992,0.030152436999999994,0.026467138999999997,0.025099111999999996,0.025573733999999997,0.020855435999999998,0.018901110999999998,0.013959461999999999,0.010497514999999999,0.014936623999999997,0.018231056999999995,0.014769110999999996,0.016667596999999996,0.012479758999999998,0.020967111999999996,0.016388407999999997,0.018035624999999996,0.03213468099999999,0.021274219999999996,0.021190462999999996,0.029063598999999996,0.010441676999999998,0.017979786999999997,0.023479814999999998,0.017421407999999996,0.016555922,0.019682840999999996,0.014071136999999997,0.004439108999999999
2025-01-16,3.8067641213104166,0.023076655023076657,0.022170321022170317,0.032767456032767456,0.029943877029943874,0.021194269021194267,0.020671384020671382,0.03269773803269774,0.029734723029734723,0.02844494002844494,0.020287935020287935,0.021891449021891447,0.022065744022065743,0.01007425001007425,0.013629867013629867,0.021508000021508,0.02011364002011364,0.024610451024610448,0.01526824001526824,0.021682295021682296,0.030013595030013593,0.025133336025133336,0.027085439027085437,0.027887196027887196,0.02004392202004392,0.017185485017185486,0.013385854013385854,0.011503468011503466,0.01523338101523338,0.01586084301586084,0.01735978001735978,0.02380869402380869,0.014571060014571058,0.019381601019381595,0.019172447019172444,0.018300973018300973,0.03280231503280231,0.025516785025516783,0.023181232023181227,0.03200055803200055,0.013002405013002405,0.01770837001770837,0.02565622102565622,0.01945131901945132,0.019590755019590754,0.020427371020427368,0.0153030990153031,0.00759926100759926
2025-01-23,3.8146709333688436,0.021500787956998425,0.02468487395063025,0.025833770948332457,0.03029805693940389,0.016609768966780465,0.02156643895686712,0.03121717393756565,0.028788077942423843,0.02793461094413078,0.02245273095509454,0.020712972958574053,0.023174894953650212,0.01148897097702206,0.015986081968027834,0.021435136957129727,0.022288602955422794,0.02084427495831145,0.0169051999661896,0.02370010495259979,0.02947741594104517,0.025242909949514183,0.025571165948857666,0.025636816948726365,0.02107405495785189,0.01618303596763393,0.015231091969537815,0.012572215974855569,0.01618303596763393,0.0195312499609375,0.01798844496402311,0.02842699594314601,0.01795561996408876,0.018874736962250525,0.019038865961922273,0.022058823955882354,0.031479778937040445,0.019564075960871848,0.02238707995522584,0.026326154947347694,0.017331932965336135,0.017003675965992646,0.02622767894754464,0.019170167961659663,0.020942751958114493,0.021041228957917546,0.015789127968421742,0.004267331991465336
2025-01-30,3.8196363878106583,0.021447448978552556,0.026800839973199164,0.025411668974588335,0.028461068971538935,0.02073592197926408,0.018398047981601957,0.027614013972385987,0.025750490974249512,0.024700141975299864,0.020193805979806197,0.024158026975841976,0.025411668974588335,0.01253642298746358,0.01724605298275395,0.022565561977434444,0.016737818983262185,0.017788167982211837,0.020600392979399612,0.02198956397801044,0.02917259597082741,0.021447448978552556,0.023243206976756796,0.027512366972487635,0.020092159979907844,0.015585823984414177,0.016229585983770417,0.014569356985430647,0.016466761983533237,0.024225790975774212,0.018702987981297017,0.02595378497404622,0.018804634981195365,0.021006979978993024,0.020498745979501257,0.023006030976993972,0.027105779972894224,0.022633326977366676,0.024293555975706448,0.024937317975062687,0.024598495975401508,0.02032933497967067,0.02612319597387681,0.017923696982076305,0.021447448978552556,0.019380632980619372,0.012705834987294167,0.003455986996544014
2025-02-06,3.814648571006253,0.028344053028344057,0.024637523024637526,0.027035866027035865,0.025873033025873033,0.020131545020131546,0.017442494017442495,0.02627275702627276,0.028816454028816454,0.02649078802649079,0.022384534022384536,0.02852574602852575,0.026563465026563468,0.012827501012827501,0.017369817017369817,0.02252988802252989,0.01613430701613431,0.017551510017551508,0.016788401016788405,0.016497693016497693,0.028344053028344057,0.02572767902572768,0.024056107024056108,0.0296159020296159,0.017406156017406155,0.016243323016243323,0.016243323016243323,0.014499073014499073,0.018205603018205604,0.021657764021657765,0.021439733021439734,0.02943420902943421,0.021912133021912136,0.01707910901707911,0.019114067019114066,0.020494931020494933,0.021912133021912136,0.017151786017151786,0.027362913027362913,0.024128784024128786,0.024928231024928228,0.02263890402263891,0.024346815024346817,0.02056760802056761,0.020167884020167885,0.017115448017115446,0.012282423012282424,0.00370653000370653
2025-02-13,3.811051382937694,0.024890190024890187,0.023995445023995445,0.02196193302196193,0.026110298026110295,0.020660485020660483,0.01508866101508866,0.027533756027533753,0.03156011103156011,0.024930861024930858,0.019765739019765742,0.02680169202680169,0.027371075027371076,0.01329917001329917,0.017813568017813565,0.019237026019237026,0.013909224013909222,0.01634943901634944,0.010940296010940296,0.01883032401883032,0.028469172028469172,0.026720351026720348,0.027818448027818445,0.028713193028713193,0.01988775001988775,0.016186758016186756,0.01488531001488531,0.012567106012567105,0.015739385015739384,0.022693997022693996,0.022287295022287292,0.030421344030421342,0.02537823302537823,0.01887099401887099,0.02029445302029445,0.01602407701602408,0.026720351026720348,0.018952334018952334,0.022856678022856677,0.019115015019115014,0.025906946025906947,0.03168212103168212,0.023873434023873433,0.022287295022287292,0.024320807024320806,0.015414023015414023,0.014478607014478605,0.006385229006385229
2025-02-20,3.806049433495284,0.025150006000000003,0.024809566000000005,0.019702966000000002,0.022979701000000005,0.018000766000000005,0.010808971000000002,0.026001106000000003,0.031022597000000006,0.027873527000000002,0.022171156,0.028554407000000004,0.026256436000000005,0.013362271000000002,0.018766756,0.020639176,0.014383591000000001,0.017575216000000005,0.010383421000000002,0.019830631,0.027660752000000004,0.025575556000000003,0.027405422000000002,0.029448062000000004,0.021149836000000005,0.017022001,0.015192136000000004,0.013234606000000001,0.015362356000000002,0.022128601000000005,0.020766841000000005,0.028894847000000005,0.027788417,0.022128601000000005,0.018383761000000002,0.018724201,0.024724456000000002,0.014851696000000001,0.026809651000000004,0.021873271000000003,0.024979786,0.034597217,0.022000936000000002,0.024596791000000003,0.023405251000000002,0.016213456000000005,0.011021746000000002,0.005787480000000001
2025-02-27,3.805575739032928,0.02477498802477499,0.019043108019043107,0.018948366018948365,0.019658929019658926,0.015679773015679774,0.012032212012032212,0.026717196026717197,0.029464709029464707,0.027901468027901468,0.021695879021695882,0.025343439025343435,0.02676456702676457,0.013074372013074374,0.018190431018190432,0.02070109002070109,0.0144955000144955,0.018948366018948365,0.009237328009237327,0.015963998015963998,0.031217432031217435,0.024869730024869727,0.025722406025722407,0.03135954503135955,0.023022264023022265,0.019327333019327333,0.01667456201667456,0.013500711013500713,0.013595452013595452,0.02136428202136428,0.019943155019943155,0.018948366018948365,0.029559450029559453,0.021601137021601137,0.019327333019327333,0.016200853016200854,0.027143534027143534,0.018758882018758884,0.024490763024490762,0.02316437702316438,0.02430127902430128,0.038986262038986266,0.027948839027948837,0.02700142102700142,0.025153955025153954,0.015821885015821886,0.01492183801492184,0.007437234007437234
2025-03-06,3.8071087268843655,0.02315099404630199,0.02402171704804344,0.018029092036058184,0.02366318404732637,0.013112067026224134,0.015724237031448474,0.029707027059414054,0.030833846061667693,0.031089941062179882,0.02791436205582873,0.024380250048760498,0.02919483705838968,0.014341323028682648,0.018131530036263062,0.026275353052550708,0.019104692038209387,0.023458308046916617,0.013265724026531448,0.021255890042511782,0.0331387010662774,0.024687564049375128,0.028938742057877484,0.02704363905408728,0.021768080043536163,0.018080311036160625,0.015468142030936285,0.012804753025609508,0.013829133027658268,0.024226593048453187,0.018029092036058184,0.017312026034624055,0.021307109042614222,0.016902274033804548,0.017465683034931366,0.017260807034521614,0.019360787038721575,0.018746159037492317,0.02601925805203852,0.01977053903954108,0.01920713003841426,0.03359967206719935,0.02612169605224339,0.023048556046097117,0.026326572052653145,0.015109609030219217,0.011626716023253433,0.006146281012292563
2025-03-13,3.8105659306166344,0.02223777697776222,0.020891664979108333,0.017984061982015936,0.023745422976254576,0.012330389987669608,0.016799482983200515,0.031122118968877878,0.03440663396559336,0.028052982971947017,0.02654533697345466,0.024553090975446907,0.03171440896828558,0.01459185898540814,0.018360973981639023,0.025522291974477706,0.02320697797679302,0.0229915999770084,0.015722592984277407,0.024714623975285375,0.030206762969793237,0.024283867975716127,0.02686840397313159,0.025629980974370015,0.02288391097711609,0.0191147959808852,0.014645702985354296,0.011899633988100365,0.013568812986431186,0.022830066977169928,0.020083996979916002,0.01819943998180056,0.023260822976739176,0.01852250698147749,0.015991815984008183,0.014645702985354296,0.02256084397743915,0.016637949983362047,0.023583889976416108,0.018253284981746713,0.01857635098142365,0.031606719968393274,0.022183932977816064,0.0234762009765238,0.029506783970493215,0.015130303984869696,0.011307343988692655,0.009045875990954123
2025-03-20,3.811387018945122,0.021539638021539638,0.02275044602275044,0.020328830020328828,0.02606423702606423,0.015931685015931684,0.019118022019118018,0.031098649031098644,0.033647719033647716,0.02848585302848585,0.02377007402377007,0.02415243402415243,0.02784858502784858,0.014720877014720876,0.01676013301676013,0.029314300029314296,0.021921998021921997,0.025873056025873052,0.0193092020193092,0.025044609025044604,0.03301045103301045,0.022495539022495535,0.02536324202536324,0.027275045027275045,0.02434361502434361,0.021157278021157275,0.01854448101854448,0.01421106301421106,0.013255162013255158,0.018799388018799386,0.017142493017142494,0.01892684201892684,0.02415243402415243,0.01950038201950038,0.01618659201618659,0.015613051015613048,0.025172062025172057,0.01421106301421106,0.026574050026574043,0.01752485301752485,0.016568952016568952,0.027593678027593674,0.019946470019946465,0.02013765002013765,0.024279888024279883,0.0128728010128728,0.010514912010514911,0.006946215006946215
2025-03-27,3.8033804398501,0.01989877294030368,0.018997434943007697,0.024128128927615615,0.027872148916383552,0.01067738996796783,0.023920127928239613,0.030229494909311514,0.03362684589911946,0.02953615791139153,0.029605490911183526,0.022949455931151632,0.026554807920335575,0.013381404959855786,0.016432087950703736,0.03064549690806351,0.024128128927615615,0.029882825910351525,0.018858766943423696,0.03210150490369549,0.03314150990057547,0.024128128927615615,0.0250294669249116,0.026762808919711573,0.027040143918879565,0.018928100943215696,0.018096096945711706,0.01442140995673577,0.014005407957983778,0.01698675694903973,0.019621437941135685,0.02177078293468765,0.022256118933231643,0.0187200999438397,0.017056090948831724,0.012826734961519795,0.026970810919087568,0.01490674595527976,0.022117450933647646,0.023018788930943633,0.012965401961103793,0.01816542994550371,0.014352076956943769,0.020176107939471676,0.019621437941135685,0.014005407957983778,0.009706717970879845,0.009776051970671844
2025-04-03,3.7860284958732535,0.020458944061376834,0.021749148065247446,0.02257856406773569,0.022209935066629806,0.016127546048382638,0.03760022111280067,0.029398212088194636,0.02921389708764169,0.025711916077135754,0.028660953085982863,0.024698184074094555,0.02110404606331214,0.011888305035664916,0.015113814045341444,0.040364943121094836,0.028476638085429915,0.031702147095106444,0.017509907052529725,0.028292323084876975,0.035849230107547696,0.0321629340964888,0.023039351069118055,0.026264860078794583,0.026449175079347527,0.017233435051700306,0.016035388048106166,0.012625564037876694,0.014100083042300251,0.015113814045341444,0.017694222053082666,0.015574601046723806,0.02064325906192978,0.017233435051700306,0.017509907052529725,0.011796148035388445,0.029858999089577,0.01446871304340614,0.024790342074371027,0.02617270307851811,0.011611833034835501,0.01207262003621786,0.013915768041747306,0.021749148065247446,0.02239424906718275,0.012256935036770807,0.0082941660248825,0.010229472030688417
2025-04-10,3.7908720775021973,0.022538884022538883,0.020210487020210485,0.02198006902198007,0.019092856019092854,0.02607804802607805,0.0352985010352985,0.0230977000230977,0.027102543027102542,0.03008289103008289,0.024401602024401604,0.024867281024867283,0.01965167201965167,0.011176306011176307,0.01564682901564683,0.0461953990461954,0.024401602024401604,0.02971034702971035,0.008847909008847908,0.026916271026916266,0.024587874024587873,0.024867281024867283,0.017695818017695816,0.027661358027661356,0.0207693020207693,0.016857595016857595,0.023190835023190835,0.01601937201601937,0.014622334014622335,0.02086243802086244,0.018627177018627178,0.01313216001313216,0.022818292022818293,0.03017602703017603,0.02039675902039676,0.013411567013411566,0.036974946036974946,0.013039024013039024,0.02896526002896526,0.018161498018161498,0.013970383013970383,0.010896899010896898,0.01657818801657819,0.02011735102011735,0.020676167020676164,0.016671323016671322,0.01061749101061749,0.010338083010338082
2025-04-17,3.7797152506743696,0.0196313670588941,0.012760388038281162,0.025738903077216706,0.017777293053331877,0.018758861056276586,0.03271894409815683,0.027047661081142982,0.030973934092921804,0.016468535049405604,0.020067619060202855,0.026284219078852655,0.02094012406282037,0.011233504033700513,0.012869451038608351,0.05431344716294034,0.02748391308245174,0.02748391308245174,0.017668230053004687,0.039589923118769764,0.033155197099465586,0.023012324069036975,0.020394809061184425,0.025411713076235135,0.02104918706314756,0.024212019072636058,0.022357945067073837,0.012106009036318026,0.016795725050387175,0.017341040052023117,0.014832588044497764,0.02104918706314756,0.015268841045806524,0.024866398074599196,0.014941651044824953,0.01537790404613371,0.034354891103064666,0.018540735055622204,0.028465482085396444,0.016904788050714364,0.012106009036318026,0.011342567034027699,0.010470062031410186,0.026284219078852655,0.017341040052023117,0.01559603004678809,0.014723525044170575,0.011887883035663648
2025-04-24,3.792397959751394,0.024893917999999998,0.021499292999999992,0.024752474999999996,0.018528995999999995,0.021499292999999992,0.036209334999999995,0.024469589999999992,0.030410183999999996,0.021923620999999997,0.018528995999999995,0.024045261999999994,0.021216406999999996,0.011598302999999999,0.015700140999999997,0.04398868499999999,0.02942008499999999,0.029137198999999996,0.018811880999999996,0.03875530399999999,0.034087693999999995,0.029278641999999997,0.016407354999999995,0.027722771999999996,0.017397453999999996,0.015841584,0.021216406999999996,0.014427156999999996,0.015700140999999997,0.016265911999999997,0.012588401999999997,0.017538896999999998,0.014851484999999998,0.024328146999999998,0.016831682999999997,0.017680338999999996,0.028288542999999996,0.015275812999999994,0.030551626999999998,0.020084865999999996,0.013154172999999998,0.013578500999999996,0.012446958999999999,0.018387552999999997,0.019801979999999997,0.011598302999999999,0.015134370999999997,0.014144271999999998
2025-05-01,3.795395868706344,0.02905829611623319,0.021345291085381166,0.022421525089686103,0.024932735099730947,0.02762331811049328,0.02905829611623319,0.023497758093991038,0.021345291085381166,0.022600897090403593,0.02152466408609866,0.025650224102600903,0.015426009061704037,0.011121076044484306,0.013991031055964127,0.05022421520089687,0.01973094207892377,0.02547085210188341,0.015605381062421526,0.026188341104753366,0.036771300147085205,0.03587443914349776,0.017219731068878925,0.02852017911408072,0.01650224206600897,0.02224215208896861,0.022780269091121078,0.015246637060986551,0.02152466408609866,0.015784753063139013,0.01829596407318386,0.022959641091838567,0.011659193046636774,0.015426009061704037,0.015246637060986551,0.015426009061704037,0.023139013092556053,0.020269058081076236,0.031569507126278026,0.015964126063856506,0.013094170052376682,0.01488789205955157,0.01973094207892377,0.018834081075336326,0.015784753063139013,0.010224215040896862,0.01704035906816144,0.021165919084663677
2025-05-08,3.7922744886449578,0.029122145000000002,0.018437042000000004,0.027027027000000006,0.020951184,0.027655563000000005,0.03016970500000001,0.026188980000000004,0.021160696000000003,0.013408758000000002,0.016760947000000005,0.024512885000000005,0.014246805000000001,0.010056568000000002,0.013199246000000001,0.03917871400000001,0.020113136000000004,0.014037293000000003,0.016132411000000003,0.032893358000000004,0.03184579900000001,0.047978211000000014,0.020113136000000004,0.028703122000000005,0.015294364000000001,0.016341923000000005,0.021579719000000004,0.015713388000000002,0.021370207000000002,0.015294364000000001,0.019065577000000004,0.020322648000000002,0.015713388000000002,0.022208255000000003,0.016970459000000004,0.011942175000000001,0.03016970500000001,0.016760947000000005,0.028703122000000005,0.012780222000000003,0.016341923000000005,0.021789231000000003,0.021789231000000003,0.023255814000000003,0.021579719000000004,0.012780222000000003,0.014037293000000003,0.024303373
2025-05-15,3.8008118815627596,0.024846038925461885,0.016776385949670843,0.033340411899978765,0.02166064993501805,0.02038649393884052,0.029942662910172013,0.021235930936292207,0.018475259944574222,0.019324696942025908,0.02463367992609896,0.025270757924187728,0.02081121293756636,0.014440432956678703,0.015502229953493311,0.03588872389233382,0.023571883929284353,0.02569547692291357,0.01040560596878318,0.021235930936292207,0.03312805290061584,0.02166064993501805,0.019112337942662986,0.022085367933743896,0.018899978943300064,0.016776385949670843,0.029730303910809087,0.018262900945211297,0.02166064993501805,0.01974941594075175,0.019324696942025908,0.014652792956041622,0.010617965968146102,0.03270333390189,0.018475259944574222,0.01422807395731578,0.026332554921002334,0.014440432956678703,0.02463367992609896,0.014015714957952856,0.014865151955404544,0.02569547692291357,0.022510086932469742,0.021448290935655128,0.01019324696942026,0.013590995959227012,0.015714588952856233,0.04204714387385857
2025-05-22,3.7803570448951604,0.021927587934217233,0.01478837295563488,0.017083120948750634,0.02983171891050484,0.01631820495104538,0.021672615934982147,0.013258541960224373,0.03187149390438551,0.02065272793804181,0.018103008945690967,0.02804691491585925,0.023712391928862816,0.016573176950280467,0.02116267193651198,0.03187149390438551,0.014023456957929626,0.027536970917389086,0.013768484958694541,0.023202447930392653,0.03493115789520652,0.02498725092503824,0.023712391928862816,0.02651708292044875,0.022182559933452316,0.012238653963284035,0.040030596879908203,0.01861295294416114,0.018103008945690967,0.01861295294416114,0.01478837295563488,0.018357980944926054,0.017848036946455887,0.020907699937276897,0.014023456957929626,0.023967363928097906,0.018103008945690967,0.010198877969403363,0.030086689909739926,0.018103008945690967,0.015043344954869963,0.023457419929627736,0.01988781194033656,0.032126465903620595,0.007904130976287605,0.006374298980877102,0.01427842895716471,0.04920958685237123
2025-05-29,3.7682062848546183,0.020360825020360823,0.008505155008505157,0.015979381015979385,0.01958762901958763,0.022680412022680414,0.01778350501778351,0.012886598012886599,0.02551546402551547,0.021391753021391752,0.012628866012628867,0.026804124026804124,0.02731958802731959,0.021649485021649487,0.02345360802345361,0.024742268024742272,0.01675257701675258,0.01984536101984536,0.01056701001056701,0.028608247028608248,0.02731958802731959,0.01958762901958763,0.01804123701804124,0.025000000025000003,0.016494845016494848,0.014690722014690724,0.04175257704175258,0.01778350501778351,0.01984536101984536,0.026288660026288657,0.016494845016494848,0.01701030901701031,0.01159793801159794,0.01804123701804124,0.01778350501778351,0.01675257701675258,0.021134021021134024,0.014175258014175258,0.022938144022938145,0.01572164901572165,0.017525773017525774,0.0322164950322165,0.018814433018814435,0.025773196025773198,0.010309278010309278,0.016494845016494848,0.0322164950322165,0.07113402107113403
2025-06-05,3.7251305097980345,0.017883035035766073,0.010633156021266313,0.01957467403914935,0.01739971003479942,0.02319961304639923,0.009908168019816336,0.017641373035282747,0.029966167059932335,0.01643305903286612,0.010149831020299663,0.03093281806186564,0.030691155061382314,0.02271628804543258,0.025857902051715804,0.02682455305364911,0.015224746030449493,0.01957467403914935,0.011116481022232963,0.018608023037216048,0.028032866056065735,0.017641373035282747,0.01739971003479942,0.025374577050749154,0.01546640903093282,0.016674722033349444,0.03600773307201547,0.02174963804349928,0.018608023037216048,0.024649589049299182,0.022474625044949254,0.016674722033349444,0.013291445026582893,0.020299662040599326,0.013291445026582893,0.01643305903286612,0.01643305903286612,0.007974867015949735,0.04253262408506525,0.012083132024166266,0.01691638503383277,0.0181246980362494,0.02174963804349928,0.025857902051715804,0.011599807023199616,0.0181246980362494,0.015708072031416147,0.09449009218898019
2025-06-12,3.7183550320459955,0.012810852038432557,0.008791761026375284,0.015825170047475513,0.012559658037678976,0.018085908054257728,0.0110524990331575,0.01055011303165034,0.025872896077618692,0.018085908054257728,0.01607636304822909,0.029640794088922385,0.03089676009269028,0.020597840061793524,0.02612408907837227,0.02562170307686511,0.01155488603466466,0.02562170307686511,0.014820397044461192,0.015071590045214772,0.02110022606330068,0.02110022606330068,0.023109771069329318,0.02838482808515449,0.015071590045214772,0.01080130603240392,0.034915850104747556,0.02712886208138659,0.02285857806857574,0.028133635084400907,0.018337101055011306,0.01557397604672193,0.012559658037678976,0.018588294055764887,0.01657874904973625,0.015825170047475513,0.019090681057272046,0.01080130603240392,0.029138407087415226,0.008038181024114544,0.015322783045968352,0.019844260059532784,0.019593067058779202,0.031399146094197444,0.013313238039939715,0.02687766908063301,0.029138407087415226,0.09771414229314244
2025-06-19,3.644743478251386,0.011690842023381685,0.006278415012556831,0.019484737038969475,0.015587790031175582,0.006061918012123837,0.006061918012123837,0.014072310028144621,0.027062135054124276,0.019268240038536482,0.013422819026845641,0.032907556065815115,0.02792812305585625,0.01818575403637151,0.023598181047196368,0.02078371904156744,0.008226889016453779,0.021216714042433433,0.012773328025546657,0.027278632054557266,0.01710326903420654,0.019701234039402472,0.02208270204416541,0.023165187046330377,0.019484737038969475,0.016886772033773548,0.030526088061052177,0.022515696045031397,0.015154795030309592,0.023165187046330377,0.012123836024247674,0.008226889016453779,0.005412427010824855,0.02511366105022732,0.02013422804026846,0.013422819026845641,0.012123836024247674,0.009742368019484736,0.041567439083134886,0.012556830025113663,0.024680667049361338,0.01710326903420654,0.02511366105022732,0.027278632054557266,0.021000216042000433,0.031608573063217155,0.024031176048062354,0.12708378425416758
2025-06-26,3.5618798027933685,0.008765301017530603,0.012241197024482396,0.008916427017832854,0.01345020402690041,0.007858546015717092,0.006196161012392323,0.009520931019041863,0.03415445106830891,0.025086897050173796,0.009672057019344114,0.028260541056521087,0.025389149050778298,0.019192988038385976,0.02644703005289406,0.018135107036270217,0.008160798016321597,0.017983981035967964,0.009672057019344114,0.018135107036270217,0.010578812021157624,0.021459876042919754,0.021006498042012996,0.022366631044733267,0.022064380044128765,0.016623848033247696,0.02523802305047605,0.018437358036874716,0.01934411403868823,0.01964636503929273,0.02282000904564002,0.0036270210072540422,0.010578812021157624,0.016321596032643194,0.015414841030829683,0.012996826025993653,0.026295904052591808,0.0072540430145080865,0.022215506044431014,0.019041862038083727,0.02266888304533777,0.02644703005289406,0.021006498042012996,0.02841166705682334,0.014659211029318425,0.02810941505621883,0.02856279305712559,0.1695632463391265
2025-07-03,3.5411998310910717,0.006464123987071752,0.007218271985563456,0.008618831982762337,0.013359189973281622,0.009911656980176688,0.0077569489844861025,0.011419952977160095,0.03307476793385047,0.0217625509564749,0.011204481977591036,0.02704158594591683,0.033505709932988584,0.017776340964447322,0.02607196694785607,0.022732169954535662,0.010989010978021978,0.012389570975220861,0.008511096982977808,0.03512174092975652,0.011419952977160095,0.01896143096207714,0.01896143096207714,0.025210083949579836,0.013574660972850679,0.01508295596983409,0.019284636961430728,0.02057746195884508,0.019176901961646196,0.026287437947425128,0.016806722966386554,0.005925446988149108,0.012389570975220861,0.012066364975867272,0.010558068978883863,0.010558068978883863,0.017453134965093733,0.009480714981038571,0.018422753963154494,0.021870286956259425,0.023594052952811896,0.027364791945270417,0.024132729951734544,0.030704589938590824,0.019715578960568844,0.021116138957767722,0.028118939943762123,0.17625511664748977
2025-07-10,3.5872498010505285,0.0056552090113104175,0.009189715018379428,0.010161704020323407,0.019174693038349386,0.013784572027569143,0.008571176017142352,0.013961297027922592,0.027569144055138287,0.017672528035345053,0.009631528019263055,0.03083856106167712,0.03225236406450473,0.018997968037995933,0.027657506055315008,0.015728550031457098,0.011398781022797561,0.013166033026332066,0.009101352018202703,0.028276045056552086,0.013607847027215693,0.02297428604594857,0.017142352034284703,0.018997968037995933,0.01475656102951312,0.014138022028276043,0.021825572043651143,0.017849253035698506,0.017672528035345053,0.02005831904011664,0.019086330038172658,0.012194044024388086,0.012812583025625166,0.009366440018732878,0.010956967021913934,0.010956967021913934,0.018467792036935583,0.007775912015551823,0.019793231039586464,0.023239374046478748,0.02960148405920297,0.026862243053724488,0.02438808904877618,0.033666166067332325,0.02500662705001325,0.02147212204294424,0.03313599006627198,0.15940620331881242
2025-07-17,3.6604959700201585,0.007084063985831872,0.011267034977465928,0.012144109975711777,0.018216164963567667,0.011874240976251517,0.006409390987181218,0.01403319397193361,0.02718931294562137,0.017204155965591685,0.011536904976926188,0.03130481693739036,0.03285656493428686,0.018418566963162863,0.026986910946026173,0.015719875968560247,0.010794764978410469,0.015045202969909592,0.010389960979220075,0.02503035994993928,0.01491026897017946,0.02084738895830522,0.0163945489672109,0.022669005954661984,0.016124679967750636,0.01686681996626636,0.021724463956551067,0.01666441796667116,0.01774389396451221,0.023006341953987312,0.02037511795924976,0.011199567977600862,0.013830791972338413,0.011469436977061124,0.013088651973822694,0.012413978975172041,0.018081230963837538,0.008298474983403048,0.018823370962353255,0.020982323958035346,0.022736472954527052,0.03569018992861961,0.02509782794980434,0.03751180692497638,0.02523276194953447,0.03204695693590608,0.043921197912157595,0.11874240976251518
2025-07-24,3.7246442810101557,0.006277431993722568,0.009441665990558332,0.009849953990150045,0.015412880984587117,0.01531080898468919,0.011125854988874143,0.01393283698606716,0.03000918596999081,0.020618556979381437,0.01418801698581198,0.03133612296866387,0.0301622949698377,0.0175563949824436,0.026640807973359184,0.018475042981524956,0.00979891799020108,0.015004592984995405,0.009696845990303153,0.025211799974788195,0.015923241984076755,0.02347657397652342,0.01801571898198428,0.023629682976370314,0.01597427798402572,0.017046034982953963,0.02250688997749311,0.016790853983209144,0.017454322982545675,0.02092477297907522,0.023833826976166168,0.015821169984178825,0.01403490898596509,0.015004592984995405,0.01301418798698581,0.014749412985250586,0.016790853983209144,0.011381034988618963,0.017454322982545675,0.024599366975400633,0.0270490969729509,0.030213330969786664,0.02169031297830968,0.040063284959936704,0.021384096978615902,0.051393283948606705,0.047616616952383374,0.07211391192788608
2025-07-31,3.7527515494086616,0.006704467026817868,0.008696652034786607,0.015784231063136922,0.014213470056853878,0.015937476063749904,0.011608306046433222,0.01245115304980461,0.028350318113401267,0.020036779080147112,0.013447245053788979,0.030342502121370005,0.031683396126733585,0.017048502068194006,0.02792889411171557,0.021186116084744463,0.01229790804919163,0.017508237070032944,0.012489464049957854,0.021032871084131485,0.016090721064362882,0.020764692083058766,0.0201134010804536,0.02628151110512604,0.01662707806650831,0.01777641607110566,0.021760785087043138,0.015477741061910962,0.01838939507355758,0.021071182084284726,0.023139989092559952,0.012681021050724084,0.014749828058999308,0.01731668106926672,0.015477741061910962,0.015822542063290163,0.019155620076622477,0.011033637044134547,0.014903073059612288,0.022067275088269098,0.02808213911232855,0.03352233513408934,0.02425101509700406,0.03670216814680867,0.026741246106964982,0.053903915215615654,0.048578653194314605,0.048770209195080835
2025-08-07,3.77867114939045,0.008426120957869395,0.014344467928277663,0.02022937789885311,0.018055973909720132,0.018055973909720132,0.012940113935299433,0.017621292911893537,0.02771926286140369,0.023272143883639285,0.013776038931119805,0.030962650845186748,0.029090179854549102,0.01571538392142308,0.023639950881800247,0.024843681875781592,0.013876349930618252,0.018290031908549845,0.012104189939479051,0.017989099910054505,0.017487544912562276,0.022737151886314245,0.020964990895175045,0.02387400888062996,0.01939345290303274,0.011669508941652456,0.019995318900023408,0.013909786930451067,0.01671849391640753,0.020630621896846894,0.019159393904203032,0.01347510593262447,0.015046644924766777,0.016049753919751233,0.01203731593981342,0.02069749589651252,0.020496873897515634,0.01514695592426522,0.016818804915905976,0.023405891882970542,0.022837462885812686,0.039555956802220224,0.025646169871769153,0.036045072819774635,0.02621459886892701,0.049185808754070956,0.04500618577496907,0.0348413408257933
2025-08-14,3.791590367061899,0.01166804097666392,0.020251076959497846,0.021167414957665172,0.011820763976358473,0.032713277934573445,0.019945630960108738,0.023733161952533676,0.03320199193359602,0.0249244019501512,0.01731879396536241,0.03518739092962522,0.01774641896450716,0.011026603977946794,0.016219187967561624,0.023916429952167143,0.011087693977824614,0.015150126969699746,0.015180670969638658,0.014233787971532427,0.018876568962246865,0.03182748393634504,0.01649408996701182,0.031308225937383555,0.019395827961208346,0.01676899096646202,0.021228503957542992,0.010324077979351845,0.015272304969455391,0.017502061964995878,0.022144842955710318,0.019487460961025084,0.025810195948379612,0.022358654955282692,0.015333393969333213,0.015699929968600142,0.013286905973426187,0.019853996960292008,0.01609700996780598,0.024038607951922787,0.021411771957176456,0.027123613945752776,0.022205931955588138,0.025810195948379612,0.024527321950945362,0.04502275590995449,0.038577842922844316,0.02571856194856288
2025-08-21,3.8059350796656073,0.009470884990529116,0.016130775983869222,0.018141716981858284,0.021731138978268862,0.01902826098097174,0.019071506980928493,0.022444698977555303,0.026034120973965878,0.020628364979371636,0.013319782986680217,0.02203386197796614,0.019439098980560905,0.010292559989707439,0.016044283983955715,0.026358465973641533,0.017493026982506973,0.02138517097861483,0.014422556985577444,0.023915064976084935,0.020174281979825723,0.02638008997361991,0.018033601981966397,0.027136894972863108,0.019547213980452786,0.01379548898620451,0.021190563978809435,0.012757583987242417,0.016065906983934095,0.018379570981620432,0.0188768999811231,0.01729841898270158,0.02108244897891755,0.02067161097932839,0.017406533982593467,0.02423940997576059,0.028801867971198138,0.016822712983177286,0.022617682977382318,0.024866477975133524,0.019698574980301427,0.030358725969641273,0.03195882996804117,0.027590978972409023,0.02728825697271174,0.045494842954505156,0.0363483039636517,0.017730879982269118
2025-08-28,3.813720463012662,0.010737923032213768,0.01731124205193373,0.020372788061118363,0.02386205007158615,0.0212507320637522,0.02199360706598082,0.021565891064697675,0.022173698066521093,0.019967584059902753,0.014452298043356895,0.02116068606348206,0.018526856055580573,0.01042276303126829,0.014857503044572508,0.026315789078947365,0.017761470053284413,0.02548286907644861,0.017671424053014275,0.022894062068682188,0.01809914005429742,0.023614425070843277,0.018391788055175363,0.025662960076988883,0.01809914005429742,0.01370942304112827,0.018706947056120846,0.012583855037751565,0.017468822052406466,0.020260231060780693,0.019810004059430012,0.019494845058484537,0.018121651054364956,0.023501868070505604,0.01866192405598577,0.030525415091576247,0.02867948308603845,0.016770969050312907,0.02417720907253163,0.023997119071991358,0.020800504062401515,0.0233668000701004,0.03133582509400747,0.02856692608570078,0.028634460085903386,0.040115258120345776,0.03340687010022061,0.014654901043964703
2025-09-04,3.808125296842944,0.010910741010910741,0.018056028018056027,0.021254395021254393,0.029034819029034816,0.020596575020596572,0.021640014021640015,0.02504253102504253,0.01957581901957582,0.019212884019212884,0.014222525014222524,0.019167517019167517,0.01596915101596915,0.009028014009028014,0.013836906013836907,0.026267438026267437,0.019893388019893387,0.022774186022774184,0.018033345018033345,0.018214812018214812,0.021571963021571963,0.023295906023295905,0.017693093017693094,0.023318589023318587,0.017466258017466256,0.012725417012725417,0.019122150019122153,0.012906884012906884,0.016241352016241353,0.01642282001642282,0.020664625020664622,0.019076783019076785,0.021322445021322443,0.027900646027900645,0.01943971901943972,0.03128048103128048,0.023545424023545425,0.01787456101787456,0.031076330031076328,0.02560961802560962,0.02107292702107293,0.02477033002477033,0.031529999031530004,0.026993308026993307,0.03148463203148463,0.03921968903921969,0.03118974703118975,0.012453215012453216
2025-09-11,3.8095995489089023,0.011036674988963324,0.015056204984943792,0.01989326698010673,0.028363801971636196,0.018621550981378448,0.01962075598037924,0.019484500980515497,0.02041557897958442,0.020824343979175656,0.01662314098337686,0.022550243977449754,0.01782672898217327,0.010060178989939819,0.015192460984807539,0.02734188697265811,0.021482910978517088,0.023231519976768478,0.017054615982945383,0.019779720980220277,0.017713182982286815,0.022345860977654137,0.018553422981446573,0.023640285976359712,0.019461791980538205,0.012603610987396388,0.018371749981628247,0.01669126798330873,0.01896218898103781,0.016282502983717494,0.01853071398146928,0.01730441698269558,0.021800839978199156,0.027614397972385595,0.021142272978857724,0.03258771396741228,0.02418530697581469,0.01846258698153741,0.03381401196618598,0.021460201978539796,0.020778925979221072,0.02507096597492903,0.03317815396682185,0.023821959976178038,0.029839899970160094,0.040717610959282384,0.02961280797038719,0.010991256989008743
2025-09-18,3.8103778948185503,0.010981392989018608,0.009761237990238763,0.015972934984027066,0.02434763297565237,0.016638473983361525,0.02077036097922964,0.02010482197989518,0.025096363974903637,0.01688805098311195,0.016749396983250602,0.024929979975070023,0.018524166981475836,0.011258700988741299,0.015584703984415296,0.02712071197287929,0.021768669978231334,0.022656054977343947,0.0192728989807271,0.02332159397667841,0.01652755098347245,0.02298882397701118,0.018440974981559024,0.026261057973738944,0.018773743981226255,0.016028395983971603,0.021546822978453176,0.013560355986439645,0.017359473982640525,0.018884667981115332,0.016194780983805217,0.018746013981253987,0.024403094975596906,0.028174481971825517,0.02282243997717756,0.026455172973544827,0.022267823977732176,0.01968886098031114,0.03707606596292393,0.02146363097853637,0.022794708977205293,0.02298882397701118,0.02914505997085494,0.02495771097504229,0.035190371964809626,0.038018911961981094,0.024375363975624637,0.013116662986883337
2025-09-25,3.821511411124126,0.012055012963834962,0.010956075967131773,0.019414565941756307,0.025908288922275136,0.020380298938859107,0.017682906946951283,0.01818242394545273,0.024243231927270306,0.018149122945552633,0.020580105938259687,0.02344400392966799,0.01898165094305505,0.012055012963834962,0.01898165094305505,0.024709447925871656,0.019214758942355727,0.026207998921376003,0.015551632953345102,0.022544872932365383,0.01731659394805022,0.022944486931166543,0.01994738394015785,0.027773152916680543,0.02051350393845949,0.015518331953445007,0.021079622936761133,0.012987444961037667,0.019014951942955147,0.017682906946951283,0.02101302093696094,0.017916014946251956,0.019814179940557463,0.025575276923274173,0.022345065932964807,0.02490925392527224,0.02547537392357388,0.017749508946751476,0.03366745489899764,0.025408771923773686,0.020080588939758233,0.023310799930067603,0.0291718009124846,0.025342168923973497,0.033634153899097546,0.03067035190798895,0.023244196930267413,0.016650570950048287
2025-10-02,3.8192836765201004,0.014815420985184577,0.012032413987967585,0.02357370897642629,0.02635671597364328,0.0207907009792093,0.01698452998301547,0.019603830980396166,0.023901120976098877,0.020094949979905047,0.020299582979700418,0.023778341976221657,0.021159040978840957,0.013423916986576082,0.020626994979373005,0.02762543997237456,0.022100351977899647,0.02516984497483015,0.014569861985430137,0.02091348097908652,0.018949004981050996,0.02336907597663092,0.018949004981050996,0.02488335897511664,0.017843987982156015,0.010804616989195383,0.020545141979454857,0.013382990986617008,0.017557501982442495,0.02177293897822706,0.018744372981255628,0.013423916986576082,0.022714250977285747,0.026520421973479574,0.022714250977285747,0.022468690977531305,0.024678725975321277,0.015347466984652532,0.03396905996603094,0.02283702997716297,0.017189162982810837,0.02336907597663092,0.030981418969018577,0.02398297497601702,0.034296471965703526,0.030244740969755258,0.024555946975444054,0.016084144983915853
2025-10-09,3.8262099124168856,0.017486103,0.012143126999999998,0.023638621,0.025527551,0.022235415,0.019375034,0.021587781,0.024610071,0.024232285,0.0187274,0.025419612,0.022073506,0.01279076,0.021479842,0.028064116000000004,0.022127476000000004,0.026067245999999995,0.012305035000000002,0.026067245999999995,0.020508392,0.020616331,0.018889309,0.028064116000000004,0.017270225,0.012574882999999999,0.021695719999999998,0.013870149,0.019321064,0.017216256,0.021209995,0.016730531,0.02077824,0.025365642999999997,0.020454423,0.021479842,0.024933887000000002,0.017971828,0.027578391,0.025851368,0.01780992,0.018673431,0.026552970999999998,0.021371904,0.028118085,0.028711748999999998,0.026013275999999995,0.014409844
2025-10-16,3.8199376243718137,0.0249575030249575,0.024648431024648428,0.024493896024493894,0.029361768029361766,0.029979910029979906,0.017462525017462524,0.029748107029748103,0.0273528050273528,0.021866790021866787,0.018698810018698806,0.025189306025189304,0.019703292019703292,0.011358368011358368,0.01622624001622624,0.028357286028357284,0.01900788101900788,0.027970947027970944,0.011512904011512903,0.02294854002294854,0.024030289024030285,0.020630505020630505,0.02325761102325761,0.02565291302565291,0.018003400018003397,0.012517385012517385,0.02032143402032143,0.012903724012903723,0.021634987021634987,0.019703292019703292,0.022639468022639463,0.013599135013599134,0.020089631020089628,0.026889198026889195,0.022407665022407663,0.017771596017771597,0.018853346018853342,0.018157935018157934,0.03028898203028898,0.03028898203028898,0.017076186017076184,0.020630505020630505,0.018235203018235197,0.01715345401715345,0.0203987020203987,0.022639468022639463,0.02101684402101684,0.012362850012362848
2025-10-23,3.794278984975834,0.027304055918087836,0.03181054990456835,0.028010956915967132,0.04144207787567378,0.029336396911990813,0.020853582937439254,0.034638154896085536,0.024564813926305565,0.022709198931872406,0.018291066945126805,0.023062648930812057,0.019704868940885394,0.012105681963682955,0.01776089094671733,0.03790757288627729,0.018997967943006098,0.02368118792895644,0.009719889970840332,0.019704868940885394,0.023151011930546965,0.019616505941150483,0.02359282492922153,0.025890253922329246,0.018821241943536276,0.012017318963948045,0.017053989948838034,0.01139878096580366,0.01996995694009013,0.016612175950163476,0.01943978094168066,0.01219404396341787,0.011928955964213134,0.02156048393531855,0.019263055942210835,0.017407439947777683,0.022620835932137495,0.020588494938234517,0.043474418869576745,0.024653176926040472,0.015021648954935057,0.021030307936909083,0.012282406963152782,0.018025978945922068,0.01855615394433154,0.018025978945922068,0.019263055942210835,0.014933285955200144
2025-10-30,3.7790045588928,0.03360400799999999,0.03187629599999999,0.033344850999999995,0.035331721,0.029025569999999997,0.028593641999999996,0.032740152,0.024792673999999997,0.031271596,0.022114719999999997,0.021423635,0.017881824,0.011489287999999999,0.016672425999999997,0.03930545999999999,0.014944712999999998,0.026865929999999996,0.008638563,0.023928817999999998,0.029543883999999996,0.022633033999999996,0.021164477999999997,0.026002072999999997,0.019782308,0.0138217,0.019868693999999996,0.011057359999999999,0.021164477999999997,0.019091222999999997,0.016154111999999998,0.011575673999999998,0.015549412999999998,0.021078093,0.017795439,0.018659295,0.022892191,0.024015203999999995,0.039478230999999996,0.021855562999999998,0.010711817999999998,0.010798203,0.010020732999999999,0.012698686999999998,0.016067726,0.017881824,0.013476158,0.011316516999999998
2025-11-06,3.7535816003789355,0.03320888193358224,0.03438789493122421,0.03831794092336412,0.03320888193358224,0.0393004519213991,0.020927490958145018,0.03291412893417175,0.02338376895323246,0.02672430694655139,0.025348791949302417,0.021811750956376504,0.015818431968363137,0.010218117979563764,0.013165650973668699,0.0523678518952643,0.0130673999738652,0.022204754955590492,0.010611121978777758,0.028591078942817844,0.029966594940066812,0.02338376895323246,0.01955197496089605,0.028001571943996856,0.016014933967970137,0.01355865597288269,0.020927490958145018,0.011004126977991748,0.019846727960306548,0.01355865597288269,0.011790135976419728,0.014541166970917669,0.013755157972489685,0.018864216962271568,0.01591668296816664,0.019060718961878564,0.025152288949695425,0.022892512954214975,0.03291412893417175,0.0348791509302417,0.01218313997563372,0.01434466497131067,0.007467085985065829,0.015523678968952645,0.011888386976223228,0.017193947965612105,0.011691883976616232,0.008547847982904306
2025-11-13,3.75158062363916,0.039316407960683586,0.03111725796888274,0.03437716096562284,0.02568408597431591,0.03635285996364714,0.02380717197619283,0.03190753696809246,0.026276794973723202,0.026474364973525635,0.02677071997322928,0.018373999981626,0.014126246985873751,0.009878494990121505,0.011854192988145808,0.04346537595653463,0.01521288198478712,0.02351081697648918,0.01521288198478712,0.02993183797006816,0.03269781696730218,0.02212782797787217,0.02015212897984787,0.02598044097401956,0.015114096984885902,0.013434752986565247,0.02568408597431591,0.009483354990516646,0.01876913998123086,0.016694655983305343,0.012051762987948236,0.017682504982317496,0.017287364982712633,0.02528894597471105,0.016101945983898053,0.019460633980539366,0.02706707497293292,0.02420231197579769,0.04060061195939939,0.03348809596651191,0.008890644991109356,0.009483354990516646,0.011261483988738516,0.01560802098439198,0.00819914999180085,0.014422601985577398,0.010076063989923934,0.005038031994961967
2025-11-20,3.714581750655234,0.041549296,0.034976526,0.033568075,0.033685446,0.050234742,0.022887324,0.039671362,0.020657277,0.022183099,0.019835681,0.024530516,0.013849765000000002,0.009389671,0.011267606,0.056924883,0.017957746,0.018192488,0.010798122,0.029812206999999997,0.040610329,0.020657277,0.019014085,0.03157277,0.016314554,0.013967136,0.019131455,0.011737089,0.015023474,0.014201878,0.017957746,0.017840376,0.014084507000000001,0.025821595999999995,0.011854459999999999,0.017723005,0.017957746,0.022065728,0.033215962,0.031455399,0.007511737,0.014201878,0.008802817,0.011267606,0.006924883,0.010446009,0.011737089,0.004929577
2025-11-27,3.694377590519211,0.042986425085972856,0.0224913490449827,0.036731435073462874,0.027548576055097158,0.05536332211072664,0.024886878049773756,0.033803567067607135,0.024620708049241418,0.04019164208038329,0.018365717036731434,0.03007718906015438,0.013574661027149323,0.00771892501543785,0.011445302022890604,0.05975512411951025,0.014107000028214,0.01863188703726377,0.011977642023955284,0.031141869062283736,0.04311951008623902,0.02155975504311951,0.017034868034069738,0.02927868005855736,0.012909236025818472,0.013973915027947831,0.02368911404737823,0.011046047022092094,0.01650252903300506,0.013042321026084644,0.009715198019430396,0.022890604045781207,0.01663561403327123,0.02981101905962204,0.013042321026084644,0.014107000028214,0.015304764030609529,0.024620708049241418,0.024753793049507585,0.03007718906015438,0.008251264016502528,0.006654245013308489,0.009182859018365718,0.011844557023689115,0.00731967001463934,0.01424008502848017,0.00865051901730104,0.005323396010646793
2025-12-04,3.713714704808289,0.05224806205224805,0.02449612402449612,0.03131782903131782,0.028992248028992244,0.030387597030387587,0.022325581022325576,0.026821705026821702,0.03255814003255813,0.039534884039534875,0.023100775023100772,0.022480620022480614,0.01348837201348837,0.007906977007906976,0.012403101012403099,0.05240310105240309,0.011627907011627905,0.018449612018449607,0.00992248100992248,0.027441860027441853,0.037829457037829445,0.030387597030387587,0.017674419017674414,0.028062016028062006,0.015348837015348834,0.016589147016589142,0.02093023302093023,0.010387597010387595,0.013643411013643409,0.023565891023565884,0.011317829011317827,0.016589147016589142,0.01705426401705426,0.022945736022945733,0.01565891501565891,0.01333333301333333,0.024031008024031002,0.030697674030697668,0.019689922019689915,0.03054263603054263,0.00852713200852713,0.008372093008372092,0.005116279005116278,0.04031007804031007,0.00852713200852713,0.01224806201224806,0.007596899007596898,0.005116279005116278
2025-12-11,3.6851133730983006,0.05715657994284342,0.02241434497758565,0.043868075956131916,0.04562920295437079,0.024975984975024013,0.029138648970861346,0.04674991995325008,0.031059877968940122,0.0389048989610951,0.01633045098366955,0.022894652977105346,0.01617034898382965,0.00976624999023375,0.012167786987832212,0.04883125195116874,0.013608709986391288,0.017771373982228625,0.0060838939939161065,0.027377521972622477,0.037784181962215814,0.033141209966858785,0.017771373982228625,0.021773934978226064,0.013448606986551391,0.010566762989433235,0.019852705980147295,0.008805635991194365,0.015209733984790266,0.008805635991194365,0.013128401986871598,0.02049311597950688,0.02641690697358309,0.02113352497886647,0.015529938984470061,0.01424911898575088,0.021293627978706372,0.025616393974383603,0.019852705980147295,0.03410182496589818,0.005923790994076209,0.008645532991354468,0.008165225991834774,0.010726864989273135,0.009125840990874158,0.014889528985110471,0.006243995993756003,0.006404098993595901
2025-12-18,3.6647113772999402,0.06951026886097947,0.021327013957345972,0.04218009491563981,0.03270142193459716,0.02843601894312796,0.025908372948183253,0.06050552887898894,0.03412322293175356,0.031595576936808846,0.02385465995229068,0.024802527950394945,0.014375986971248025,0.00932069498135861,0.011532384976935229,0.0396524489206951,0.012480252975039494,0.01611374396777251,0.011690362976619276,0.02432859395134281,0.03175355493649289,0.031911531936176935,0.01706161096587678,0.02432859395134281,0.011058451977883096,0.009478672981042654,0.017219588965560823,0.009162716981674568,0.01611374396777251,0.01121642997756714,0.015481832969036333,0.03428120093143759,0.018957345962085308,0.01864138996271722,0.018957345962085308,0.012796208974407582,0.02733017394533965,0.024486571951026857,0.02985781994028436,0.031121642937756714,0.003475512993048974,0.00521326998957346,0.007424960985150077,0.006951026986097946,0.01011058497977883,0.010742495978515008,0.004107424991785149,0.00631911498736177
2025-12-25,3.6477775039357336,0.07505755930023025,0.02839600911358404,0.05218726020874906,0.03960092115840369,0.03745203414980815,0.02793553311174214,0.04804297819217193,0.02793553311174214,0.035917114143668466,0.015963162063852652,0.025326170101304685,0.020567920082271686,0.01120491204481965,0.014121259056485041,0.05049884920199541,0.009976976039907907,0.012739831050959329,0.01258633905034536,0.013660783054643135,0.03883346115533386,0.024251727097006914,0.017958557071834233,0.020874904083499624,0.014735226058940908,0.009056025036224104,0.017191097068764392,0.007214121028856487,0.014581734058326941,0.013814275055257105,0.015042210060168844,0.03023791312095166,0.019953952079815814,0.014121259056485041,0.017958557071834233,0.009976976039907907,0.017191097068764392,0.02302379109209517,0.0219493480877974,0.033461243133844985,0.0061396780245587135,0.0044512660178050644,0.007214121028856487,0.012125863048503457,0.010590944042363779,0.00982348403929394,0.003530315014121261,0.005525710022102842
2026-01-01,3.5809696581492454,0.07588759915177519,0.03096079406192159,0.03718660607437321,0.02725896005451792,0.05586404211172809,0.040888440081776875,0.07470974314941949,0.04105670508211341,0.03651354507302709,0.02810028605620057,0.0282685510565371,0.011610298023220597,0.005721016011442032,0.008413259016826519,0.029446408058892818,0.006394077012788153,0.005047956010095912,0.011273767022547534,0.016321723032643447,0.04425374408850749,0.04189803108379606,0.013124685026249371,0.02170620904341242,0.012115093024230188,0.015985193031970386,0.014639071029278142,0.005721016011442032,0.01346121502692243,0.005889282011778564,0.007908464015816928,0.018509170037018338,0.02019182204038365,0.010768972021537943,0.01447080602894161,0.011778563023557126,0.008076729016153458,0.021201413042402827,0.024566717049133432,0.0282685510565371,0.011778563023557126,0.0030287730060575458,0.006898873013797746,0.006562342013124684,0.012788154025576306,0.011273767022547534,0.005384486010768972,0.016826519033653037
2026-01-08,3.6768984103908324,0.06514698619544096,0.02279521706838565,0.03998505211995516,0.040732436122197305,0.03437967110313901,0.028151470084454414,0.05729945217189836,0.0328849030986547,0.041853513125560536,0.0204285000612855,0.026407573079222715,0.01806178405418535,0.01021425003064275,0.01619332304857997,0.039237668117713,0.013577479040732435,0.015321375045964125,0.011210762033632285,0.02877429008632287,0.04060787212182362,0.029646238088938712,0.016068759048206274,0.0204285000612855,0.012954659038863977,0.00772297002316891,0.013577479040732435,0.008844046026532137,0.01145989003437967,0.016068759048206274,0.020802192062406574,0.01806178405418535,0.013702043041106128,0.01743896405231689,0.012207275036621825,0.014823119044469356,0.01619332304857997,0.015196811045590432,0.030269058090807172,0.0297708020893124,0.006228201018684603,0.00834579002503737,0.011709018035127054,0.010712506032137518,0.011210762033632285,0.012456403037369208,0.006726457020179371,0.004110613012331839
2026-01-15,3.688985437193057,0.06234859087530281,0.02715797494568405,0.03672064292655871,0.04194823391610353,0.03774065992451868,0.0341705979316588,0.05176590589646818,0.030090526939818937,0.04883335490233329,0.02320540595358919,0.03047303293905393,0.016830294966339407,0.00994517398010965,0.011857707976284581,0.030600535938798926,0.014152747971694501,0.019507840960984315,0.013770240972459517,0.026902970946194055,0.03264057093471885,0.030345530939308932,0.02180288195639423,0.020527858958944278,0.014917760970164477,0.007012622985974754,0.015427769969144457,0.008542648982914701,0.01504526296990947,0.015810276968379448,0.014407751971184494,0.01797781496404437,0.024225423951549148,0.013770240972459517,0.013770240972459517,0.013515236972969524,0.018105316963789364,0.016575289966849416,0.025117939949764117,0.025500445948999105,0.006630115986739767,0.010072675979854647,0.009307662981384673,0.008160142983679713,0.008797653982404691,0.010072675979854647,0.0053550939892898115,0.008542648982914701
2026-01-22,3.6508435253242864,0.05864017094135982,0.035943891964056104,0.0414962009585038,0.040911747959088245,0.036625754963374245,0.04967855095032144,0.04344437995655562,0.0316578999683421,0.057373854942626146,0.022696278977303717,0.02678745397321254,0.01733878798266121,0.010130527989869471,0.01724137898275862,0.033606077966393914,0.01724137898275862,0.01558542798441457,0.01100720798899279,0.030294174969705823,0.04110656495889343,0.019481784980518214,0.019774010980225985,0.017436196982563802,0.017046560982953436,0.008766802991233197,0.017533605982466394,0.007403077992596921,0.01461133798538866,0.007890122992109878,0.011689070988310929,0.01675433498324566,0.01996882898003117,0.01675433498324566,0.012078705987921292,0.009935709990064288,0.020650691979349305,0.019481784980518214,0.02318332397681668,0.02669004497330995,0.006039352993960646,0.011396843988603154,0.006721215993278784,0.0075978959924021035,0.005552308994447691,0.00837716699162283,0.0027274499972725495,0.005649717994350281
2026-01-29,3.613270247009481,0.059755332239021325,0.03426913413707654,0.05732434122929736,0.04218946016875783,0.024780427099121705,0.05308971121235884,0.04736511918946047,0.03842534515370138,0.05324655021298619,0.030661857122647428,0.028544542114178166,0.020232120080928475,0.01160602304642409,0.015213300060853198,0.04234629916938518,0.01803638607214554,0.013017566052070263,0.007606650030426599,0.02509410310037641,0.044071518176286066,0.02054579708218319,0.020232120080928475,0.016154329064617313,0.016232748064930993,0.012468632049874527,0.012233375048933499,0.006822459027289836,0.011135508044542032,0.010116060040464237,0.011135508044542032,0.014037014056148054,0.02548619810194479,0.011919699047678796,0.009096612036386448,0.009175031036700124,0.018742158074968627,0.015683814062735255,0.023917817095671267,0.017722710070890837,0.004469887017879547,0.005567754022271016,0.004156211016624844,0.00901819303607277,0.006508783026035131,0.010116060040464237,0.0036072770144291075,0.006822459027289836
2026-02-05,3.6347606289586007,0.05886633194113366,0.028960197971039797,0.06948992193051005,0.03769191596230808,0.025613038974386958,0.04089354595910645,0.03878338096121661,0.03499963596500036,0.05188095794811903,0.026340682973659314,0.028669140971330852,0.021101651978898343,0.014843920985156075,0.020010186979989807,0.03674597996325401,0.02139270897860729,0.014261805985738191,0.010478061989521937,0.030779305969220686,0.0436585899563414,0.017754492982245504,0.017245142982754855,0.013897983986102013,0.011205704988794293,0.013315869986684128,0.015426034984573964,0.006621552993378446,0.009677653990322345,0.008513424991486574,0.010332532989667466,0.019573600980426396,0.030197190969802806,0.01076911898923088,0.007494724992505274,0.01062358998937641,0.02008295097991705,0.02117441597882558,0.025758567974241427,0.018191078981808915,0.004147565995852433,0.007567488992432509,0.005166265994833733,0.008804481991195517,0.006548787993451211,0.013534162986465835,0.00538455899461544,0.005530087994469911
2026-02-12,3.626868228942159,0.05683080328415402,0.03720844118604221,0.0703443173517216,0.03720844118604221,0.03369122516845612,0.035820067179100336,0.03433913417169567,0.03202517616012588,0.05572010427860052,0.026934469134672345,0.030081451150407255,0.0208256201041281,0.014809330074046652,0.018789337093946683,0.03767123318835617,0.025823769129118847,0.019900037099500188,0.00897815604489078,0.02462051112310256,0.04313217321566087,0.02202887811014439,0.016382821081914106,0.015642355078211777,0.010366531051832654,0.009255831046279157,0.018233987091169936,0.006941873034709366,0.009255831046279157,0.00786745603933728,0.011292114056460571,0.019437245097186223,0.032858201164291,0.014253980071269899,0.010088856050444281,0.01018141405090707,0.018789337093946683,0.015272121076360605,0.01601258808006294,0.02073306210366531,0.004535357022676786,0.00425768202128841,0.0054609400273047,0.009626064048130321,0.00592373202961866,0.009903739049518695,0.0036097740180488706,0.007034432035172161
2026-02-19,3.633056889636324,0.05053045994946954,0.041014983958985014,0.08804549891195451,0.038171278961828724,0.036311932963688065,0.029202668970797332,0.02624958997375041,0.033468226966531775,0.04659302195340698,0.022312150977687847,0.026030842973969157,0.021765284978234715,0.018046592981953408,0.0176090999823909,0.03740566596259433,0.030952640969047356,0.016734113983265887,0.0073280099926719905,0.024390243975609755,0.041124356958875646,0.02165591197834409,0.01957781898042218,0.015093513984906487,0.012796674987203327,0.011156075988843923,0.015312260984687739,0.007874876992125125,0.013124794986875205,0.008859236991140764,0.01706223298293777,0.013234167986765832,0.030624520969375478,0.009406102990593898,0.009406102990593898,0.010390462989609538,0.017937219982062783,0.010499835989500165,0.012468554987531445,0.02329651097670349,0.004484304995515696,0.004156184995843815,0.014765393985234607,0.008531116991468883,0.007765503992234497,0.009734222990265778,0.0036093189963906816,0.013890407986109592
2026-02-26,3.6719119890322367,0.04387697513163093,0.04415914213247742,0.061512415184537254,0.033577878100733635,0.055869074167607224,0.030756208092268627,0.031461625094384875,0.03386004510158014,0.039926637119779916,0.028498871085496615,0.02299661406898984,0.01975169305925508,0.0125564330376693,0.018481941055445827,0.041055305123165915,0.02285553006856659,0.022150113066450337,0.011145598033436795,0.021021445063064335,0.03865688511597066,0.022009029066027086,0.01749435705248307,0.016224605048673815,0.009029345027088036,0.010440181031320543,0.018340858055022575,0.008041761024125283,0.013120767039362302,0.009734763029204289,0.013120767039362302,0.018058691054176075,0.0239841990719526,0.009593679028781039,0.008606095025818284,0.009452596028357789,0.021867946065603838,0.020880361062641083,0.012979684038939053,0.02271444706814334,0.005220090015660271,0.0059255080177765245,0.012415350037246052,0.01001693003005079,0.008465011025395033,0.013120767039362302,0.0029627540088882623,0.022009029066027086
2026-03-05,3.6158273694483745,0.04051593316206373,0.03854324715417299,0.08027314132109258,0.04855842219423369,0.052200303208801216,0.04006069816024279,0.04871016719484067,0.030804249123216994,0.03095599412382398,0.02291350509165402,0.020940819083763274,0.020333839081335358,0.014415781057663127,0.02215478008861912,0.03414264013657056,0.030045524120182097,0.020333839081335358,0.01168437004673748,0.019575114078300457,0.03611532614446131,0.015174507060698028,0.015326252061305008,0.01138088004552352,0.008649469034597877,0.02139605508558422,0.021092564084370255,0.007132018028528073,0.01198786004795144,0.009104704036418816,0.013201821052807285,0.018816388075265554,0.03338391513353566,0.008497724033990895,0.008345979033383915,0.013505311054021245,0.015174507060698028,0.009863429039453716,0.010318665041274658,0.01198786004795144,0.007283763029135052,0.00060698000242792,0.006525038026100153,0.013050076052200306,0.006828528027314112,0.004855842019423368,0.0053110770212443075,0.027921093111684375
2026-03-12,3.639562917834621,0.028260869971739124,0.048829430951170566,0.07123745792876253,0.0464882939535117,0.03879598696120401,0.03210702296789297,0.04180601995819397,0.028260869971739124,0.03344481596655518,0.03010033396989966,0.022909698977090297,0.023411370976588623,0.01989966598010033,0.0284280939715719,0.027424748972575245,0.026755852973244145,0.01672240798327759,0.012876253987123745,0.029598661970401337,0.03344481596655518,0.013377925986622073,0.018561872981438122,0.012876253987123745,0.007525083992474914,0.013545150986454847,0.01471571898528428,0.008361203991638795,0.011705685988294311,0.007190634992809364,0.016053511983946483,0.015551838984448159,0.0326086959673913,0.010033444989966554,0.01020066898979933,0.009531772990468226,0.01622073598377926,0.021739129978260868,0.009866220990133777,0.019397992980602005,0.007023410992976588,0.0035117059964882937,0.005518394994481604,0.013545150986454847,0.0035117059964882937,0.006020066993979932,0.0030100329969899664,0.04799331095200668
2026-03-19,3.618897518671287,0.025367646974632355,0.052389705947610304,0.0735294119264706,0.04319852895680147,0.05441176494558824,0.03161764696838235,0.03988970596011029,0.034007352965992645,0.022426470977573533,0.021691175978308826,0.026654411973345588,0.021323528978676475,0.01838235298161765,0.02886029397113971,0.03143382396856618,0.028492646971507354,0.014522058985477943,0.012316175987683824,0.030514705969485297,0.03272058796727942,0.013419117986580882,0.020955881979044116,0.011213234988786765,0.009742646990257354,0.01360294098639706,0.015257352984742649,0.007720587992279412,0.012499999987500001,0.010110293989889708,0.01838235298161765,0.012683823987316175,0.012867646987132351,0.010294117989705882,0.007904411992095588,0.009558823990441178,0.012867646987132351,0.010477940989522058,0.018933823981066175,0.01360294098639706,0.004779411995220589,0.0023897059976102945,0.004963234995036765,0.012499999987500001,0.01139705898860294,0.008455881991544118,0.005882352994117647,0.06378676493621324
2026-03-26,3.653284827764669,0.023602484,0.05300207,0.069979296,0.036231884,0.047204969000000006,0.026086957,0.027122153,0.029606625,0.026086957,0.03126294,0.027122153,0.021946170000000004,0.020910973,0.027743271,0.027536231999999997,0.023809524,0.010973085000000002,0.008488613,0.027122153,0.041821946,0.018426501,0.014699793,0.0126294,0.009937888,0.010973085000000002,0.014906832000000002,0.010144928,0.011387163999999998,0.00931677,0.022567288,0.01573499,0.032091097,0.009937888,0.011801242,0.01242236,0.014492753999999998,0.008902692,0.023602484,0.010973085000000002,0.004554865,0.007867495,0.008074534,0.014285714,0.007867495,0.0126294,0.0037267080000000005,0.05838509299999999
2026-04-02,3.6060039368074293,0.020961776020961782,0.0616522810616523,0.09617755909617758,0.04759556104759557,0.062145499062145504,0.024660912024660916,0.017509248017509253,0.020961776020961782,0.019482121019482126,0.03279901403279902,0.025647349025647356,0.023921085023921092,0.016522811016522813,0.0241676940241677,0.019235512019235516,0.02786683102786684,0.018988903018988906,0.021454994021455,0.03181257703181258,0.03205918603205919,0.01208384701208385,0.015043157015043157,0.011344020011344023,0.01183723801183724,0.010110974010110975,0.010850801010850803,0.009371147009371148,0.010850801010850803,0.01183723801183724,0.02022194802022195,0.01775585701775586,0.023427867023427872,0.008384710008384711,0.010604192010604193,0.01208384701208385,0.022441430022441432,0.01183723801183724,0.013316893013316894,0.010357583010357585,0.006905055006905057,0.0019728730019728732,0.008631319008631321,0.009864365009864366,0.010110974010110975,0.009617756009617758,0.006411837006411838,0.04710234304710235
2026-04-09,3.622927444355433,0.017900485035800967,0.06371359212742718,0.06796116513592233,0.04308252408616504,0.07160194214320388,0.02578883505157767,0.02851941705703883,0.02093446604186893,0.024575243049150486,0.022148058044296117,0.02700242705400485,0.02275485404550971,0.01729368903458738,0.022451456044902913,0.022148058044296117,0.032160194064320385,0.010315534020631066,0.0154733010309466,0.044296117088592234,0.027305825054611647,0.007584951015169902,0.011529126023058252,0.011832524023665048,0.0078883500157767,0.01941747603883495,0.017597087035194175,0.011225728022451456,0.013046117026092234,0.015169903030339806,0.010922330021844659,0.015776699031553397,0.03185679606371359,0.014563107029126214,0.019720874039441748,0.01243932002487864,0.02578883505157767,0.0078883500157767,0.013956311027912623,0.007281553014563105,0.0054611650109223295,0.005157767010315533,0.006067961012135922,0.013652913027305825,0.005764563011529126,0.007584951015169902,0.0078883500157767,0.04550970909101942
2026-04-16,3.6213507149751765,0.013132160013132155,0.041911148041911137,0.08046940508046938,0.052808047052808026,0.05699916205699914,0.03157306503157305,0.030176027030176016,0.024587874024587866,0.01257334501257334,0.02179379702179379,0.02402905802402905,0.02179379702179379,0.01955853601955853,0.021234982021234975,0.024308466024308455,0.02263202002263201,0.014249790014249785,0.026543727026543718,0.0296172120296172,0.060910869060910845,0.008661637008661634,0.013970383013970378,0.011735122011735119,0.011735122011735119,0.017882090017882084,0.02402905802402905,0.009779268009779265,0.012293937012293933,0.02514668902514668,0.006146968006146966,0.03073484203073483,0.009779268009779265,0.014529198014529192,0.02011735102011734,0.012852752012852747,0.022073205022073196,0.010896899010896896,0.006146968006146966,0.006705784006705782,0.0069851910069851884,0.008102822008102821,0.006705784006705782,0.01369097501369097,0.005308745005308743,0.008941045008941042,0.005308745005308743,0.03883766403883765
2026-04-23,3.631525682601111,0.016733987305251014,0.03231390652048472,0.07905366416618584,0.06491633006347376,0.0507789959607617,0.03404500865551068,0.03664166185804964,0.02538949798038085,0.00807847663012118,0.03087132140796308,0.0279861511829198,0.03115983843046741,0.015579919215233705,0.018465089440276982,0.027409117137911145,0.013271783035199082,0.01731102135025967,0.03491055972302367,0.028851702250432786,0.03289094056549337,0.008944027697634162,0.020773225620311603,0.00807847663012118,0.010963646855164459,0.017888055395268325,0.01904212348528564,0.011252163877668786,0.017888055395268325,0.017888055395268325,0.011540680900173114,0.017888055395268325,0.014425851125216393,0.015579919215233705,0.023369878822850555,0.012406231967686096,0.03404500865551068,0.0063473744950952125,0.01211771494518177,0.0046162723600692455,0.010098095787651473,0.006058857472590885,0.003462204270051934,0.013848817080207736,0.0028851702250432786,0.012406231967686096,0.006058857472590885,0.03346797461050203
2026-04-30,3.6650227452746043,0.01323076923076923,0.028923076923076923,0.06461538461538462,0.05476923076923077,0.06523076923076923,0.023692307692307693,0.03907692307692308,0.026153846153846153,0.016923076923076926,0.020615384615384615,0.028,0.028923076923076923,0.010769230769230769,0.01353846153846154,0.025846153846153845,0.012307692307692308,0.016307692307692308,0.028307692307692308,0.03076923076923077,0.03076923076923077,0.012307692307692308,0.017846153846153845,0.00923076923076923,0.010769230769230769,0.015692307692307693,0.020923076923076926,0.009846153846153846,0.014769230769230769,0.019076923076923078,0.009538461538461539,0.035076923076923075,0.024615384615384615,0.00923076923076923,0.015692307692307693,0.019076923076923078,0.036307692307692305,0.014769230769230769,0.008,0.0073846153846153844,0.01323076923076923,0.008923076923076922,0.004923076923076923,0.010769230769230769,0.004307692307692308,0.015384615384615385,0.01353846153846154,0.04
2026-05-07,3.676997911619705,0.015086206896551723,0.014547413793103448,0.06519396551724137,0.043103448275862065,0.056034482758620684,0.022629310344827583,0.03502155172413793,0.025862068965517238,0.014008620689655171,0.020474137931034482,0.024784482758620687,0.02316810344827586,0.010237068965517241,0.012392241379310344,0.03825431034482758,0.013469827586206896,0.017241379310344827,0.023706896551724137,0.01670258620689655,0.020474137931034482,0.015624999999999997,0.019396551724137928,0.011853448275862068,0.013469827586206896,0.011314655172413791,0.011853448275862068,0.012931034482758619,0.011853448275862068,0.009159482758620689,0.012931034482758619,0.020474137931034482,0.02693965517241379,0.009698275862068964,0.025862068965517238,0.012392241379310344,0.04741379310344827,0.009159482758620689,0.018318965517241378,0.0070043103448275855,0.021012931034482756,0.004310344827586207,0.006465517241379309,0.022629310344827583,0.008620689655172414,0.04418103448275861,0.027478448275862065,0.045258620689655166
2026-05-14,3.6667159486668144,0.013831258644536652,0.030889810972798526,0.06592899953895803,0.0318118948824343,0.036883356385431075,0.02858460119870908,0.04241585984324574,0.01705855232826187,0.01751959428307976,0.009220839096357769,0.01936376210235131,0.02351313969571231,0.006915629322268326,0.01152604887044721,0.025357307514983864,0.023974181650530196,0.01751959428307976,0.025818349469801754,0.013370216689718762,0.030428769017980636,0.005071461502996772,0.01152604887044721,0.009220839096357769,0.01152604887044721,0.009681881051175656,0.012909174734900877,0.010603964960811434,0.012909174734900877,0.02950668510834486,0.012448132780082988,0.027201475334255414,0.016136468418626093,0.010142923005993544,0.025357307514983864,0.018441678192715538,0.04610419548178884,0.007837713231904103,0.04011065006915629,0.011065006915629321,0.013370216689718762,0.0036883356385431073,0.007376671277086215,0.016136468418626093,0.011987090825265098,0.05440295066851083,0.04103273397879207,0.032272936837252186
2026-05-21,3.5752815767100725,0.008538899430740036,0.014705882352941175,0.05550284629981024,0.03178368121442125,0.041745730550284625,0.034155597722960146,0.027514231499051228,0.014705882352941175,0.014231499051233394,0.018026565464895634,0.016129032258064516,0.025616698292220113,0.007115749525616697,0.006641366223908918,0.010436432637571156,0.020872865275142313,0.013282732447817837,0.03273244781783681,0.018975332068311195,0.041745730550284625,0.011385199240986715,0.019449715370018973,0.008538899430740036,0.009013282732447817,0.006166982922201138,0.015654648956356737,0.011385199240986715,0.013282732447817837,0.009013282732447817,0.006166982922201138,0.021347248576850095,0.02846299810246679,0.006641366223908918,0.041271347248576847,0.015654648956356737,0.048861480075901326,0.004269449715370018,0.021347248576850095,0.005218216318785578,0.017077798861480073,0.0018975332068311194,0.013757115749525614,0.016129032258064516,0.009013282732447817,0.0849146110056926,0.07590132827324478,0.02371916508538899
2026-05-28,3.6040446802937325,0.011322696860524962,0.012866700977869275,0.03654143077714874,0.02161605764282038,0.018528049408131755,0.025218733916623777,0.027792074112197633,0.014410705095213588,0.005661348430262481,0.012352032938754504,0.0159547092125579,0.03654143077714874,0.008749356664951108,0.006690684508492023,0.018013381369016982,0.013381369016984047,0.016469377251672673,0.03705609881626351,0.007205352547606794,0.017498713329902216,0.004632012352032939,0.03705609881626351,0.006690684508492023,0.01544004117344313,0.004117344312918168,0.014925373134328358,0.014925373134328358,0.014410705095213588,0.02058672156459084,0.011322696860524962,0.017498713329902216,0.02058672156459084,0.01029336078229542,0.03139475038600103,0.022645393721049924,0.028306742151312406,0.002058672156459084,0.028306742151312406,0.013381369016984047,0.024189397838394234,0.0195573854863613,0.018013381369016982,0.05352547606793619,0.01080802882141019,0.09366958311888832,0.07668553782810088,0.021101389603705608
2026-06-04,3.534667598428378,0.005492184199408535,0.005492184199408535,0.021123785382340516,0.01309674693705112,0.013519222644697931,0.02492606675116181,0.01605407689057879,0.019856358259400086,0.006337135614702155,0.019856358259400086,0.01267427122940431,0.024081115335868188,0.006759611322348966,0.004647232784114914,0.01140684410646388,0.009716941275876639,0.008871989860583017,0.058301647655259824,0.008449514152936207,0.01098436839881707,0.006759611322348966,0.02492606675116181,0.007182087029995776,0.01605407689057879,0.009716941275876639,0.017743979721166033,0.01605407689057879,0.015209125475285171,0.01098436839881707,0.01140684410646388,0.023236163920574572,0.021123785382340516,0.005069708491761724,0.02661596958174905,0.030418250950570342,0.023236163920574572,0.0016899028305872414,0.04013519222644698,0.014786649767638362,0.03760033798056612,0.019433882551753278,0.0447824250105619,0.06675116180819604,0.023236163920574572,0.08914237431347698,0.08660752006759612,0.008449514152936207
2026-06-11,3.366551190392461,0.0023550191345304682,0.0029437739181630853,0.01619075654989697,0.010303208713570797,0.007065057403591404,0.01825139829261113,0.018545775684427435,0.015896379158080662,0.0038269060936120106,0.011775095672652341,0.011480718280836032,0.018545775684427435,0.0038269060936120106,0.0038269060936120106,0.006476302619958787,0.005593170444509862,0.005004415660877245,0.04003532528701796,0.006770680011775096,0.013541360023550192,0.0058875478363261706,0.01766264350897851,0.0038269060936120106,0.016779511333529583,0.00824256697085664,0.015602001766264351,0.016779511333529583,0.01766264350897851,0.011775095672652341,0.012363850456284957,0.022372681778039447,0.014718869590815425,0.014718869590815425,0.01619075654989697,0.03238151309979394,0.024138946128937296,0.0011775095672652341,0.0759493670886076,0.010303208713570797,0.035914041801589636,0.024433323520753607,0.07065057403591404,0.06505740359140418,0.01619075654989697,0.12098910803650281,0.10185457756844274,0.00412128348542832
2026-06-18,3.2494607650637803,0.0025326319890902004,0.0011689070718877848,0.005649717514124293,0.007792713812585232,0.004675628287551139,0.010325345801675432,0.013442431326709523,0.010520163646990065,0.005454899668809663,0.011689070718877847,0.00974089226573154,0.012857977790765633,0.0027274498344048315,0.0035067212156633543,0.005649717514124293,0.001948178453146308,0.0033119033703487236,0.03253458016754334,0.009935710111046171,0.01480615624391194,0.002142996298460939,0.015390609779855834,0.005065263978180401,0.02123514513929476,0.004480810442236509,0.012468342100136372,0.015000974089226573,0.014026884862653417,0.016169881161114355,0.011299435028248586,0.02961231248782388,0.017533606078316773,0.008961620884473017,0.012857977790765633,0.027469316189362943,0.016559516851743616,0.0025326319890902004,0.10461718293395675,0.006818624586012078,0.04285992596921878,0.023572959283070325,0.08318721994934734,0.07519968829144749,0.036625754919150585,0.1239041496201052,0.09565556204948372,0.004480810442236509
2026-06-25,3.1449384690496105,0.0022143489813994683,0.0019191024505462058,0.0007381163271331561,0.003985828166519043,0.004133451431945674,0.0067906702096250365,0.011366991437850605,0.011514614703277236,0.006938293475051667,0.004281074697372305,0.006347800413345143,0.010186005314437554,0.0023619722468260994,0.0026572187776793617,0.003985828166519043,0.0033953351048125182,0.005019191024505462,0.02804842043105993,0.006347800413345143,0.0032477118393858867,0.006938293475051667,0.011071744906997341,0.006938293475051667,0.01919102450546206,0.004133451431945674,0.009300265721877766,0.012547977561263654,0.014909949808089754,0.014024210215529964,0.010776498376144078,0.03159137880129908,0.01328609388839681,0.007381163271331561,0.012400354295837022,0.021552996752288157,0.013876586950103334,0.0038382049010924116,0.09403602007676409,0.012695600826690285,0.04295837023914969,0.03631532329495128,0.08311189843519337,0.05845881310894596,0.06185414821375849,0.13123708296427516,0.13566578092707407,0.004428697962798937
2026-07-02,3.1641623648263324,0.0018281535648994513,0.00021507688998817072,0.0007527691149585976,0.003548768684804817,0.0017206151199053658,0.008495537154532743,0.012581998064307987,0.00580707602968061,0.0054844606946983536,0.002903538014840305,0.00623722980965695,0.01161415205936122,0.002365845789869878,0.0019356920098935364,0.003548768684804817,0.0013979997849231096,0.0024733842348639633,0.026777072803527258,0.006774922034627377,0.0025809226798580486,0.005699537584686524,0.013119690289278414,0.008710614044520915,0.026561995913539086,0.003871384019787073,0.014947843854177864,0.010753844499408536,0.013979997849231098,0.008925690934509085,0.021937842778793414,0.0345198408431014,0.015055382299171948,0.008818152489514999,0.01182922894934939,0.030648456823314327,0.01666845897408323,0.005161845359716097,0.08689106355522097,0.013979997849231098,0.0381761479729003,0.06678137434132701,0.06936229702118506,0.04398322400258091,0.07807291106570596,0.09753736960963542,0.14076782449725772,0.004193999354769329
2026-07-09,3.2717208556831903,0.0011830319418624305,0.0006760182524928174,0.0032110866993408827,0.0029575798546560756,0.003380091262464087,0.0077742099036674,0.014111881020787562,0.010309278350515465,0.007182693932736185,0.004140611796518506,0.005915159709312151,0.010309278350515465,0.0021970593206016567,0.0016055433496704413,0.0022815616021632586,0.00194355247591685,0.004816630049011323,0.023576136555687004,0.007689707622105798,0.0021970593206016567,0.006929187088051378,0.015379415244211596,0.012506337671117121,0.035068446848064906,0.008703735000845024,0.014196383302349165,0.011407808010816294,0.019013013351360488,0.015125908399526789,0.026449214128781477,0.025097177623795847,0.009295250971776239,0.013520365049856348,0.011576812573939499,0.041659624809869865,0.01740747000169005,0.009886766942707454,0.08982592529998311,0.015717424370458005,0.028899780294067944,0.08593882034814941,0.0740239986479635,0.035744465100557725,0.08754436369781984,0.07005239141456819,0.0975156329220889,0.004056109514956904
2026-07-16,3.404883961584979,0.0012723598533043933,0.0001496893945063992,0.0014220492478107924,0.0021704962203427883,0.0032931666791407824,0.010029189431928747,0.011526083376992739,0.010702791707207542,0.01160092807424594,0.0059875757802559685,0.00740962502806676,0.010029189431928747,0.002469875009355587,0.0021704962203427883,0.006137265174762367,0.002095651523089589,0.012124840955018337,0.03338073497492702,0.008756829578624352,0.003442856073647182,0.011675772771499138,0.0193099318913255,0.016390988698450713,0.03368011376393982,0.01130154928523314,0.01758850385450191,0.01354689020282913,0.020208068258363895,0.017962727340767905,0.030910859965571434,0.02836614025896265,0.02282763266222588,0.016016765212184716,0.010777636404460743,0.03592545468153581,0.02290247735947908,0.01721428036823591,0.08038320484993637,0.022677943267719478,0.023875458423770674,0.0948282314198039,0.06721053813337324,0.029713344809520245,0.07701519347354238,0.04543073123269216,0.06339345857346007,0.0026944091011151857
2026-07-23,3.5710159378035344,0.001734041400238431,0.001300531050178823,0.002601062100357646,0.0043351035005960775,0.006502655250894115,0.013330443264332937,0.01625663812723529,0.011813157039124311,0.016148260539720388,0.01007911563888588,0.009103717351251761,0.0112712691015498,0.002926194862902352,0.003901593150536469,0.008128319063617644,0.003468082800476862,0.013330443264332937,0.02308442614067411,0.0111628915140349,0.0032513276254470575,0.027419529641270184,0.02373469166576352,0.02449333477836783,0.035872981467432535,0.01636501571475019,0.018207434702503522,0.014197463964452152,0.01961634334019725,0.021892272678010187,0.03879917633033489,0.03327191936707489,0.02763628481629999,0.023626314078248622,0.01354719843936274,0.04335103500596077,0.023626314078248622,0.022109027853039993,0.07553917849788663,0.022867670965644304,0.02481846754091254,0.05559770239514469,0.05440554893248076,0.025468733066001954,0.05603121274520429,0.04107510566814783,0.03554784870488783,0.0071529207759835275
2026-07-30,3.600623551635877,0.0025879421067765743,0.0016294450301926578,0.00412153742931084,0.003642288891018882,0.006517780120770631,0.02118278539250455,0.012556311703249305,0.013418959072174828,0.022237132176746856,0.010447618134764688,0.01054346784242308,0.012172912872615738,0.0039298380139940565,0.0038339883063356656,0.008338924566280072,0.006709479536087414,0.017348797086168887,0.01993673919294546,0.009584970765839163,0.006901178951404197,0.03172625323492763,0.024441675452889864,0.02664621872903287,0.04255727020032589,0.009584970765839163,0.018019745039777626,0.01418575673344196,0.015335953225342662,0.01897824211636154,0.039202530432282175,0.03536854212594651,0.06038531582478673,0.02875491229751749,0.011981213457298953,0.05750982459503498,0.028467363174542317,0.029617559666443014,0.05300488833509057,0.033930796511070636,0.015431802933001053,0.050704495351289174,0.03949007955525735,0.016390300009584968,0.03968177897057413,0.031534553819610844,0.02118278539250455,0.00824307485862168
2026-08-06,3.6412526718197484,0.0033247137052087187,0.003509420022164759,0.011913557443664577,0.003232360546730699,0.006280014776505359,0.027244181751015895,0.014407092722571116,0.021333579608422613,0.029275951237532332,0.018655338012560033,0.012744735869966755,0.012929442186922796,0.004155892131510899,0.005171776874769119,0.015422977465829334,0.0074806058367196185,0.017639453269301813,0.016346509050609536,0.010251200591060218,0.008311784263021798,0.027890653860362033,0.022534170668636874,0.02678241595862579,0.04026597709641671,0.012098263760620617,0.018470631695603996,0.013021795345400815,0.016715921684521615,0.015977096416697454,0.03758773550055413,0.042667159216845225,0.06557074251939418,0.024935352789065394,0.013114148503878835,0.056889545622460305,0.03666420391577393,0.02733653490949391,0.04765422977465831,0.04045068341337275,0.013206501662356856,0.03306243073513115,0.027151828592537872,0.011451791651274476,0.03103066124861471,0.022718876985592912,0.018655338012560033,0.006464721093461398
2026-08-13,3.6746683604989574,0.005442388431037163,0.007619343803452029,0.008085834240398071,0.005442388431037163,0.004353910744829732,0.02627896128129373,0.012284248172912456,0.029855387964546724,0.025034986782770954,0.020681076037941223,0.022391540973410045,0.012906235422173845,0.007619343803452029,0.00824133105271342,0.022391540973410045,0.010729280049758979,0.014150209920696625,0.02316902503498678,0.01197325454828176,0.007774840615767376,0.028611413466023947,0.020681076037941223,0.03094386565075416,0.03078836883843881,0.009640802363551547,0.021303063287202613,0.009951795988182242,0.018037630228580313,0.016016171668480798,0.033587311460115066,0.043383610635981965,0.08085834240398072,0.02643445809360908,0.015238687606904057,0.03825221582957549,0.030632872026123463,0.042606126574405226,0.03747473176799876,0.03778572539262945,0.01135126729902037,0.01819312704089566,0.016793655730057533,0.012595241797543151,0.020059088788679832,0.02270253459804074,0.018504120665526355,0.021147566474887265
